id,originalName,canonicalName,stateOrUt,district,city,tourismType,verificationStatus
"DEST-0001","Barren Island","Barren Island","Andaman & Nicobar","Andaman Sea","Andaman Sea","Volcano","VERIFIED"
"DEST-0002","Limestone Caves","Limestone Caves","Andaman & Nicobar","Baratang","Baratang","Nature","VERIFIED"
"DEST-0003","Baratang","Baratang","Andaman & Nicobar","North & Middle Andaman","North & Middle Andaman","Nature","VERIFIED"
"DEST-0004","Diglipur","Diglipur","Andaman & Nicobar","North & Middle Andaman","North & Middle Andaman","Nature","VERIFIED"
"DEST-0005","Long Island","Long Island","Andaman & Nicobar","North & Middle Andaman","North & Middle Andaman","Island","VERIFIED"
"DEST-0006","Mayabunder","Mayabunder","Andaman & Nicobar","North & Middle Andaman","North & Middle Andaman","Coastal","VERIFIED"
"DEST-0007","Rangat","Rangat","Andaman & Nicobar","North & Middle Andaman","North & Middle Andaman","Nature","VERIFIED"
"DEST-0008","Chidiya Tapu","Chidiya Tapu","Andaman & Nicobar","South Andaman","South Andaman","Nature","VERIFIED"
"DEST-0009","Mahatma Gandhi Marine National Park","Mahatma Gandhi Marine National Park","Andaman & Nicobar","South Andaman","South Andaman","Marine Wildlife","VERIFIED"
"DEST-0010","Mount Harriet","Mount Harriet","Andaman & Nicobar","South Andaman","South Andaman","Nature","VERIFIED"
"DEST-0011","Mount Manipur National Park","Mount Manipur National Park","Andaman & Nicobar","South Andaman","South Andaman","Wildlife","VERIFIED"
"DEST-0012","North Bay Island","North Bay Island","Andaman & Nicobar","South Andaman","South Andaman","Island","VERIFIED"
"DEST-0013","Ross Island","Ross Island","Andaman & Nicobar","South Andaman","South Andaman","Heritage","VERIFIED"
"DEST-0014","Shaheed Dweep","Shaheed Dweep","Andaman & Nicobar","South Andaman","South Andaman","Beach","VERIFIED"
"DEST-0015","Sri Vijaya Puram","Sri Vijaya Puram","Andaman & Nicobar","South Andaman","South Andaman","Island","VERIFIED"
"DEST-0016","Swaraj Dweep","Swaraj Dweep","Andaman & Nicobar","South Andaman","South Andaman","Beach","VERIFIED"
"DEST-0017","Araku Valley","Araku Valley","Andhra Pradesh","Alluri Sitharama Raju","Alluri Sitharama Raju","Hills/Nature","VERIFIED"
"DEST-0018","Borra Caves","Borra Caves","Andhra Pradesh","Alluri Sitharama Raju","Alluri Sitharama Raju","Nature","VERIFIED"
"DEST-0019","Chaparai Water Cascade","Chaparai Water Cascade","Andhra Pradesh","Alluri Sitharama Raju","Alluri Sitharama Raju","Nature","VERIFIED"
"DEST-0020","Katiki Waterfalls","Katiki Waterfalls","Andhra Pradesh","Alluri Sitharama Raju","Alluri Sitharama Raju","Waterfall","VERIFIED"
"DEST-0021","Lambasingi","Lambasingi","Andhra Pradesh","Alluri Sitharama Raju","Alluri Sitharama Raju","Hills","VERIFIED"
"DEST-0022","Maredumilli","Maredumilli","Andhra Pradesh","Alluri Sitharama Raju","Alluri Sitharama Raju","Nature","VERIFIED"
"DEST-0023","Papikondalu","Papikondalu","Andhra Pradesh","Alluri Sitharama Raju","Alluri Sitharama Raju","Nature","VERIFIED"
"DEST-0024","Anantapur","Anantapur","Andhra Pradesh","Anantapur","Anantapur","Heritage","VERIFIED"
"DEST-0025","Gooty Fort","Gooty Fort","Andhra Pradesh","Anantapur","Anantapur","Heritage","VERIFIED"
"DEST-0026","Veerapuram Bird Sanctuary","Veerapuram Bird Sanctuary","Andhra Pradesh","Anantapur","Anantapur","Wildlife","VERIFIED"
"DEST-0027","Annamayya Kshetram","Annamayya Kshetram","Andhra Pradesh","Annamayya","Annamayya","Spiritual","VERIFIED"
"DEST-0028","Horsley Hills","Horsley Hills","Andhra Pradesh","Annamayya","Annamayya","Hills","VERIFIED"
"DEST-0029","Suryalanka Beach","Suryalanka Beach","Andhra Pradesh","Bapatla","Bapatla","Beach","VERIFIED"
"DEST-0030","Chittoor","Chittoor","Andhra Pradesh","Chittoor","Chittoor","Spiritual","VERIFIED"
"DEST-0031","Kanipakam","Kanipakam","Andhra Pradesh","Chittoor","Chittoor","Spiritual","VERIFIED"
"DEST-0032","Konaseema","Konaseema","Andhra Pradesh","Dr. B.R. Ambedkar Konaseema","Dr. B.R. Ambedkar Konaseema","Nature","VERIFIED"
"DEST-0033","Rajahmundry","Rajahmundry","Andhra Pradesh","East Godavari","East Godavari","Nature","VERIFIED"
"DEST-0034","Yarravaram Waterfalls","Yarravaram Waterfalls","Andhra Pradesh","East Godavari","East Godavari","Waterfall","VERIFIED"
"DEST-0035","Kolleru Lake","Kolleru Lake","Andhra Pradesh","Eluru","Eluru","Wildlife","VERIFIED"
"DEST-0036","Amaravati","Amaravati","Andhra Pradesh","Guntur","Guntur","Heritage/Spiritual","VERIFIED"
"DEST-0037","Amaravati Stupa","Amaravati Stupa","Andhra Pradesh","Guntur","Guntur","Buddhist Heritage","VERIFIED"
"DEST-0038","Guntur","Guntur","Andhra Pradesh","Guntur","Guntur","City/Heritage","VERIFIED"
"DEST-0039","Kondaveedu Fort","Kondaveedu Fort","Andhra Pradesh","Guntur","Guntur","Heritage","VERIFIED"
"DEST-0040","Mangalagiri","Mangalagiri","Andhra Pradesh","Guntur","Guntur","Spiritual","VERIFIED"
"DEST-0041","Undavalli Caves","Undavalli Caves","Andhra Pradesh","Guntur","Guntur","Heritage","VERIFIED"
"DEST-0042","Uppalapadu Bird Sanctuary","Uppalapadu Bird Sanctuary","Andhra Pradesh","Guntur","Guntur","Wildlife","VERIFIED"
"DEST-0043","Gandikota","Gandikota","Andhra Pradesh","Kadapa","Kadapa","Heritage/Nature","VERIFIED"
"DEST-0044","Coringa Wildlife Sanctuary","Coringa Wildlife Sanctuary","Andhra Pradesh","Kakinada","Kakinada","Wildlife","VERIFIED"
"DEST-0045","Kakinada","Kakinada","Andhra Pradesh","Kakinada","Kakinada","Coastal","VERIFIED"
"DEST-0046","Uppada Beach","Uppada Beach","Andhra Pradesh","Kakinada","Kakinada","Beach","VERIFIED"
"DEST-0047","Machilipatnam","Machilipatnam","Andhra Pradesh","Krishna","Krishna","Beach","VERIFIED"
"DEST-0048","Belum Caves","Belum Caves","Andhra Pradesh","Kurnool","Kurnool","Cave","VERIFIED"
"DEST-0049","Kurnool","Kurnool","Andhra Pradesh","Kurnool","Kurnool","Heritage","VERIFIED"
"DEST-0050","Rollapadu Wildlife Sanctuary","Rollapadu Wildlife Sanctuary","Andhra Pradesh","Kurnool","Kurnool","Wildlife","VERIFIED"
"DEST-0051","Kondapalli","Kondapalli","Andhra Pradesh","NTR District","NTR District","Heritage","VERIFIED"
"DEST-0052","Kondapalli Fort","Kondapalli Fort","Andhra Pradesh","NTR District","NTR District","Heritage","VERIFIED"
"DEST-0053","Vijayawada","Vijayawada","Andhra Pradesh","NTR District","NTR District","City/Spiritual","VERIFIED"
"DEST-0054","Ahobilam","Ahobilam","Andhra Pradesh","Nandyal","Nandyal","Spiritual","VERIFIED"
"DEST-0055","Srisailam","Srisailam","Andhra Pradesh","Nandyal","Nandyal","Spiritual/Nature","VERIFIED"
"DEST-0056","Mypadu Beach","Mypadu Beach","Andhra Pradesh","Nellore","Nellore","Beach","VERIFIED"
"DEST-0057","Nelapattu Bird Sanctuary","Nelapattu Bird Sanctuary","Andhra Pradesh","Nellore","Nellore","Wildlife","VERIFIED"
"DEST-0058","Nellore","Nellore","Andhra Pradesh","Nellore","Nellore","Coastal","VERIFIED"
"DEST-0059","Lepakshi","Lepakshi","Andhra Pradesh","Sri Sathya Sai","Sri Sathya Sai","Heritage","VERIFIED"
"DEST-0060","Arasavilli Sun Temple","Arasavilli Sun Temple","Andhra Pradesh","Srikakulam","Srikakulam","Spiritual","VERIFIED"
"DEST-0061","Srikakulam","Srikakulam","Andhra Pradesh","Srikakulam","Srikakulam","Heritage/Spiritual","VERIFIED"
"DEST-0062","Sri Venkateswara National Park","Sri Venkateswara National Park","Andhra Pradesh","Tirupati","Tirupati","Wildlife","VERIFIED"
"DEST-0063","Srikalahasti","Srikalahasti","Andhra Pradesh","Tirupati","Tirupati","Spiritual","VERIFIED"
"DEST-0064","Talakona Waterfalls","Talakona Waterfalls","Andhra Pradesh","Tirupati","Tirupati","Waterfall","VERIFIED"
"DEST-0065","Tirumala","Tirumala","Andhra Pradesh","Tirupati","Tirupati","Spiritual","VERIFIED"
"DEST-0066","Tirupati","Tirupati","Andhra Pradesh","Tirupati","Tirupati","Spiritual","VERIFIED"
"DEST-0067","Pulicat Lake","Pulicat Lake","Andhra Pradesh","Tirupati/Nellore","Tirupati","Wildlife","VERIFIED"
"DEST-0068","Bojjannakonda","Bojjannakonda","Andhra Pradesh","Visakhapatnam","Visakhapatnam","Buddhist Heritage","VERIFIED"
"DEST-0069","Kondakarla Bird Sanctuary","Kondakarla Bird Sanctuary","Andhra Pradesh","Visakhapatnam","Visakhapatnam","Wildlife","VERIFIED"
"DEST-0070","Lingalakonda","Lingalakonda","Andhra Pradesh","Visakhapatnam","Visakhapatnam","Buddhist Heritage","VERIFIED"
"DEST-0071","Simhachalam","Simhachalam","Andhra Pradesh","Visakhapatnam","Visakhapatnam","Spiritual","VERIFIED"
"DEST-0072","Visakhapatnam","Visakhapatnam","Andhra Pradesh","Visakhapatnam","Visakhapatnam","Beach/City","VERIFIED"
"DEST-0073","Bobbili","Bobbili","Andhra Pradesh","Vizianagaram","Vizianagaram","Heritage","VERIFIED"
"DEST-0074","Vizianagaram","Vizianagaram","Andhra Pradesh","Vizianagaram","Vizianagaram","Heritage","VERIFIED"
"DEST-0075","Dong Valley","Dong Valley","Arunachal Pradesh","Anjaw","Anjaw","Sunrise","VERIFIED"
"DEST-0076","Kibithoo","Kibithoo","Arunachal Pradesh","Anjaw","Anjaw","Mountains","VERIFIED"
"DEST-0077","Walong","Walong","Arunachal Pradesh","Anjaw","Anjaw","Mountains","VERIFIED"
"DEST-0078","Changlang","Changlang","Arunachal Pradesh","Changlang","Changlang","Hills","VERIFIED"
"DEST-0079","Jairampur","Jairampur","Arunachal Pradesh","Changlang","Changlang","Heritage","VERIFIED"
"DEST-0080","Miao","Miao","Arunachal Pradesh","Changlang","Changlang","Nature","VERIFIED"
"DEST-0081","Namdapha National Park","Namdapha National Park","Arunachal Pradesh","Changlang","Changlang","Wildlife","VERIFIED"
"DEST-0082","Anini","Anini","Arunachal Pradesh","Dibang Valley","Dibang Valley","Mountains","VERIFIED"
"DEST-0083","Glow Lake","Glow Lake","Arunachal Pradesh","Dibang Valley","Dibang Valley","Nature","VERIFIED"
"DEST-0084","Seppa","Seppa","Arunachal Pradesh","East Kameng","East Kameng","Hills","VERIFIED"
"DEST-0085","Pasighat","Pasighat","Arunachal Pradesh","East Siang","East Siang","Nature","VERIFIED"
"DEST-0086","Basar","Basar","Arunachal Pradesh","Leparada","Leparada","Nature/Culture","VERIFIED"
"DEST-0087","Parshuram Kund","Parshuram Kund","Arunachal Pradesh","Lohit","Lohit","Spiritual","VERIFIED"
"DEST-0088","Tezu","Tezu","Arunachal Pradesh","Lohit","Lohit","Nature","VERIFIED"
"DEST-0089","Mayudia Pass","Mayudia Pass","Arunachal Pradesh","Lower Dibang Valley","Lower Dibang Valley","Mountains","VERIFIED"
"DEST-0090","Roing","Roing","Arunachal Pradesh","Lower Dibang Valley","Lower Dibang Valley","Nature","VERIFIED"
"DEST-0091","Likabali","Likabali","Arunachal Pradesh","Lower Siang","Lower Siang","Heritage/Spiritual","VERIFIED"
"DEST-0092","Talley Valley","Talley Valley","Arunachal Pradesh","Lower Subansiri","Lower Subansiri","Nature","VERIFIED"
"DEST-0093","Ziro Valley","Ziro Valley","Arunachal Pradesh","Lower Subansiri","Lower Subansiri","Nature","VERIFIED"
"DEST-0094","Golden Pagoda","Golden Pagoda","Arunachal Pradesh","Namsai","Namsai","Spiritual","VERIFIED"
"DEST-0095","Namsai","Namsai","Arunachal Pradesh","Namsai","Namsai","Spiritual/Culture","VERIFIED"
"DEST-0096","Pakke Kesang","Pakke Kesang","Arunachal Pradesh","Pakke-Kessang","Pakke-Kessang","Hills","VERIFIED"
"DEST-0097","Pakke Tiger Reserve","Pakke Tiger Reserve","Arunachal Pradesh","Pakke-Kessang","Pakke-Kessang","Wildlife","VERIFIED"
"DEST-0098","Itanagar","Itanagar","Arunachal Pradesh","Papum Pare","Papum Pare","City","VERIFIED"
"DEST-0099","Naharlagun","Naharlagun","Arunachal Pradesh","Papum Pare","Papum Pare","City","VERIFIED"
"DEST-0100","Mechuka","Mechuka","Arunachal Pradesh","Shi-Yomi","Shi-Yomi","Hills","VERIFIED"
"DEST-0101","Mechuka Monastery","Mechuka Monastery","Arunachal Pradesh","Shi-Yomi","Shi-Yomi","Spiritual","VERIFIED"
"DEST-0102","Bum La Pass","Bum La Pass","Arunachal Pradesh","Tawang","Tawang","Mountains","VERIFIED"
"DEST-0103","Bumla Lake","Bumla Lake","Arunachal Pradesh","Tawang","Tawang","Mountains","VERIFIED"
"DEST-0104","Gorsam Chorten","Gorsam Chorten","Arunachal Pradesh","Tawang","Tawang","Spiritual","VERIFIED"
"DEST-0105","Madhuri Lake","Madhuri Lake","Arunachal Pradesh","Tawang","Tawang","Nature","VERIFIED"
"DEST-0106","Sela Lake","Sela Lake","Arunachal Pradesh","Tawang","Tawang","Lake","VERIFIED"
"DEST-0107","Sela Pass","Sela Pass","Arunachal Pradesh","Tawang","Tawang","Mountains","VERIFIED"
"DEST-0108","Tawang","Tawang","Arunachal Pradesh","Tawang","Tawang","Hills/Spiritual","VERIFIED"
"DEST-0109","Mouling National Park","Mouling National Park","Arunachal Pradesh","Upper Siang","Upper Siang","Wildlife","VERIFIED"
"DEST-0110","Yingkiong","Yingkiong","Arunachal Pradesh","Upper Siang","Upper Siang","Nature","VERIFIED"
"DEST-0111","Daporijo","Daporijo","Arunachal Pradesh","Upper Subansiri","Upper Subansiri","Nature","VERIFIED"
"DEST-0112","Bomdila","Bomdila","Arunachal Pradesh","West Kameng","West Kameng","Hills","VERIFIED"
"DEST-0113","Bomdila Monastery","Bomdila Monastery","Arunachal Pradesh","West Kameng","West Kameng","Spiritual","VERIFIED"
"DEST-0114","Dirang","Dirang","Arunachal Pradesh","West Kameng","West Kameng","Hills","VERIFIED"
"DEST-0115","Sangti Valley","Sangti Valley","Arunachal Pradesh","West Kameng","West Kameng","Nature","VERIFIED"
"DEST-0116","Aalo","Aalo","Arunachal Pradesh","West Siang","West Siang","Nature","VERIFIED"
"DEST-0117","Along","Along","Arunachal Pradesh","West Siang","West Siang","Hills","VERIFIED"
"DEST-0118","Manas National Park","Manas National Park","Assam","Baksa","Baksa","Wildlife","VERIFIED"
"DEST-0119","Barpeta","Barpeta","Assam","Barpeta","Barpeta","Spiritual/Culture","VERIFIED"
"DEST-0120","Chirang","Chirang","Assam","Chirang","Chirang","Nature","VERIFIED"
"DEST-0121","Orang National Park","Orang National Park","Assam","Darrang","Darrang","Wildlife","VERIFIED"
"DEST-0122","Dibrugarh","Dibrugarh","Assam","Dibrugarh","Dibrugarh","Tea/Nature","VERIFIED"
"DEST-0123","Haflong","Haflong","Assam","Dima Hasao","Dima Hasao","Hills","VERIFIED"
"DEST-0124","Umrangso","Umrangso","Assam","Dima Hasao","Dima Hasao","Hills","VERIFIED"
"DEST-0125","Kakochang Waterfall","Kakochang Waterfall","Assam","Golaghat","Golaghat","Waterfall","VERIFIED"
"DEST-0126","Panbari Reserve Forest","Panbari Reserve Forest","Assam","Golaghat","Golaghat","Wildlife","VERIFIED"
"DEST-0127","Kaziranga National Park","Kaziranga National Park","Assam","Golaghat/Nagaon","Golaghat","Wildlife","VERIFIED"
"DEST-0128","Assam State Museum","Assam State Museum","Assam","Guwahati","Guwahati","Museum","VERIFIED"
"DEST-0129","Kamakhya Temple","Kamakhya Temple","Assam","Guwahati","Guwahati","Spiritual","VERIFIED"
"DEST-0130","Srimanta Shankardev Kalakshetra","Srimanta Shankardev Kalakshetra","Assam","Guwahati","Guwahati","Culture","VERIFIED"
"DEST-0131","Cinnamara Tea Estate","Cinnamara Tea Estate","Assam","Jorhat","Jorhat","Tea","VERIFIED"
"DEST-0132","Dhekiakhowa Bor Namghar","Dhekiakhowa Bor Namghar","Assam","Jorhat","Jorhat","Spiritual","VERIFIED"
"DEST-0133","Hoollongapar Gibbon Sanctuary","Hoollongapar Gibbon Sanctuary","Assam","Jorhat","Jorhat","Wildlife","VERIFIED"
"DEST-0134","Jorhat","Jorhat","Assam","Jorhat","Jorhat","Culture","VERIFIED"
"DEST-0135","Jorhat Science Centre","Jorhat Science Centre","Assam","Jorhat","Jorhat","Science","VERIFIED"
"DEST-0136","Mariani","Mariani","Assam","Jorhat","Jorhat","Nature","VERIFIED"
"DEST-0137","Molai Forest","Molai Forest","Assam","Jorhat","Jorhat","Nature","VERIFIED"
"DEST-0138","Nimatighat","Nimatighat","Assam","Jorhat","Jorhat","River","VERIFIED"
"DEST-0139","Sukapha Samannay Kshetra","Sukapha Samannay Kshetra","Assam","Jorhat","Jorhat","Heritage","VERIFIED"
"DEST-0140","Tocklai Tea Research Institute","Tocklai Tea Research Institute","Assam","Jorhat","Jorhat","Tea/Culture","VERIFIED"
"DEST-0141","Chandubi Lake","Chandubi Lake","Assam","Kamrup","Kamrup","Nature","VERIFIED"
"DEST-0142","Hajo","Hajo","Assam","Kamrup","Kamrup","Spiritual","VERIFIED"
"DEST-0143","Sualkuchi","Sualkuchi","Assam","Kamrup","Kamrup","Culture","VERIFIED"
"DEST-0144","Deepor Beel","Deepor Beel","Assam","Kamrup Metropolitan","Kamrup Metropolitan","Wetland","VERIFIED"
"DEST-0145","Guwahati","Guwahati","Assam","Kamrup Metropolitan","Kamrup Metropolitan","City/Spiritual","VERIFIED"
"DEST-0146","Diphu","Diphu","Assam","Karbi Anglong","Karbi Anglong","Nature","VERIFIED"
"DEST-0147","Chakrashila Wildlife Sanctuary","Chakrashila Wildlife Sanctuary","Assam","Kokrajhar","Kokrajhar","Wildlife","VERIFIED"
"DEST-0148","Kokrajhar","Kokrajhar","Assam","Kokrajhar","Kokrajhar","Culture/Nature","VERIFIED"
"DEST-0149","Raimona National Park","Raimona National Park","Assam","Kokrajhar","Kokrajhar","Wildlife","VERIFIED"
"DEST-0150","Majuli","Majuli","Assam","Majuli","Majuli","Culture/Island","VERIFIED"
"DEST-0151","Majuli Satras","Majuli Satras","Assam","Majuli","Majuli","Culture","VERIFIED"
"DEST-0152","Pobitora Wildlife Sanctuary","Pobitora Wildlife Sanctuary","Assam","Morigaon","Morigaon","Wildlife","VERIFIED"
"DEST-0153","Sivasagar","Sivasagar","Assam","Sivasagar","Sivasagar","Heritage","VERIFIED"
"DEST-0154","Nameri National Park","Nameri National Park","Assam","Sonitpur","Sonitpur","Wildlife","VERIFIED"
"DEST-0155","Tezpur","Tezpur","Assam","Sonitpur","Sonitpur","Heritage/Nature","VERIFIED"
"DEST-0156","Dibru-Saikhowa National Park","Dibru-Saikhowa National Park","Assam","Tinsukia","Tinsukia","Wildlife","VERIFIED"
"DEST-0157","Digboi","Digboi","Assam","Tinsukia","Tinsukia","Heritage/Tea","VERIFIED"
"DEST-0158","Tinsukia","Tinsukia","Assam","Tinsukia","Tinsukia","Nature","VERIFIED"
"DEST-0159","Mandar Hill","Mandar Hill","Bihar","Banka","Banka","Spiritual/Nature","VERIFIED"
"DEST-0160","Vikramshila","Vikramshila","Bihar","Bhagalpur","Bhagalpur","Heritage","VERIFIED"
"DEST-0161","Vikramshila Ancient University","Vikramshila Ancient University","Bihar","Bhagalpur","Bhagalpur","Heritage","VERIFIED"
"DEST-0162","Arrah","Arrah","Bihar","Bhojpur","Bhojpur","Heritage","VERIFIED"
"DEST-0163","Kesaria","Kesaria","Bihar","East Champaran","East Champaran","Buddhist Heritage","VERIFIED"
"DEST-0164","Kesaria Stupa","Kesaria Stupa","Bihar","East Champaran","East Champaran","Buddhist","VERIFIED"
"DEST-0165","Bodh Gaya","Bodh Gaya","Bihar","Gaya","Gaya","Buddhist/Spiritual","VERIFIED"
"DEST-0166","Gaya","Gaya","Bihar","Gaya","Gaya","Spiritual","VERIFIED"
"DEST-0167","Barabar Caves","Barabar Caves","Bihar","Jehanabad","Jehanabad","Heritage","VERIFIED"
"DEST-0168","Madhubani","Madhubani","Bihar","Madhubani","Madhubani","Culture","VERIFIED"
"DEST-0169","Rajnagar","Rajnagar","Bihar","Madhubani","Madhubani","Heritage","VERIFIED"
"DEST-0170","Muzaffarpur","Muzaffarpur","Bihar","Muzaffarpur","Muzaffarpur","City","VERIFIED"
"DEST-0171","Nalanda","Nalanda","Bihar","Nalanda","Nalanda","Heritage","VERIFIED"
"DEST-0172","Nalanda Archaeological Museum","Nalanda Archaeological Museum","Bihar","Nalanda","Nalanda","Museum","VERIFIED"
"DEST-0173","Pawapuri","Pawapuri","Bihar","Nalanda","Nalanda","Jain/Spiritual","VERIFIED"
"DEST-0174","Pawapuri Jal Mandir","Pawapuri Jal Mandir","Bihar","Nalanda","Nalanda","Jain Heritage","VERIFIED"
"DEST-0175","Rajgir","Rajgir","Bihar","Nalanda","Nalanda","Spiritual/Nature","VERIFIED"
"DEST-0176","Rajgir Wildlife Sanctuary","Rajgir Wildlife Sanctuary","Bihar","Nalanda","Nalanda","Wildlife","VERIFIED"
"DEST-0177","Kakolat Waterfall","Kakolat Waterfall","Bihar","Nawada","Nawada","Waterfall","VERIFIED"
"DEST-0178","Agam Kuan","Agam Kuan","Bihar","Patna","Patna","Heritage","VERIFIED"
"DEST-0179","Golghar","Golghar","Bihar","Patna","Patna","Heritage","VERIFIED"
"DEST-0180","Maner","Maner","Bihar","Patna","Patna","Spiritual/Heritage","VERIFIED"
"DEST-0181","Maner Sharif","Maner Sharif","Bihar","Patna","Patna","Spiritual","VERIFIED"
"DEST-0182","Patna","Patna","Bihar","Patna","Patna","City/Heritage","VERIFIED"
"DEST-0183","Griddhakuta Hill","Griddhakuta Hill","Bihar","Rajgir","Rajgir","Spiritual","VERIFIED"
"DEST-0184","Rajgir Ropeway","Rajgir Ropeway","Bihar","Rajgir","Rajgir","Adventure/Nature","VERIFIED"
"DEST-0185","Vishwa Shanti Stupa","Vishwa Shanti Stupa","Bihar","Rajgir","Rajgir","Buddhist","VERIFIED"
"DEST-0186","Rohtasgarh Fort","Rohtasgarh Fort","Bihar","Rohtas","Rohtas","Heritage","VERIFIED"
"DEST-0187","Sasaram","Sasaram","Bihar","Rohtas","Rohtas","Heritage","VERIFIED"
"DEST-0188","Sher Shah Suri Tomb","Sher Shah Suri Tomb","Bihar","Sasaram","Sasaram","Heritage","VERIFIED"
"DEST-0189","Vaishali","Vaishali","Bihar","Vaishali","Vaishali","Buddhist/Heritage","VERIFIED"
"DEST-0190","Lauriya Nandangarh","Lauriya Nandangarh","Bihar","West Champaran","West Champaran","Heritage","VERIFIED"
"DEST-0191","Valmiki National Park","Valmiki National Park","Bihar","West Champaran","West Champaran","Wildlife","VERIFIED"
"DEST-0192","Valmiki Tiger Reserve","Valmiki Tiger Reserve","Bihar","West Champaran","West Champaran","Wildlife","VERIFIED"
"DEST-0193","Capitol Complex","Capitol Complex","Chandigarh","Chandigarh","Chandigarh","Architecture","VERIFIED"
"DEST-0194","Chandigarh","Chandigarh","Chandigarh","Chandigarh","Chandigarh","City","VERIFIED"
"DEST-0195","Government Museum","Government Museum","Chandigarh","Chandigarh","Chandigarh","Museum","VERIFIED"
"DEST-0196","Government Museum and Art Gallery","Government Museum and Art Gallery","Chandigarh","Chandigarh","Chandigarh","Museum","VERIFIED"
"DEST-0197","Le Corbusier Centre","Le Corbusier Centre","Chandigarh","Chandigarh","Chandigarh","Architecture","VERIFIED"
"DEST-0198","Rock Garden","Rock Garden","Chandigarh","Chandigarh","Chandigarh","Heritage","VERIFIED"
"DEST-0199","Rose Garden","Rose Garden","Chandigarh","Chandigarh","Chandigarh","Garden","VERIFIED"
"DEST-0200","Sukhna Lake","Sukhna Lake","Chandigarh","Chandigarh","Chandigarh","Nature","VERIFIED"
"DEST-0201","Barnawapara","Barnawapara","Chhattisgarh","Baloda Bazar","Baloda Bazar","Wildlife","VERIFIED"
"DEST-0202","Barnawapara Wildlife Sanctuary","Barnawapara Wildlife Sanctuary","Chhattisgarh","Baloda Bazar","Baloda Bazar","Wildlife","VERIFIED"
"DEST-0203","Chitrakote Falls","Chitrakote Falls","Chhattisgarh","Bastar","Bastar","Waterfall","VERIFIED"
"DEST-0204","Jagdalpur","Jagdalpur","Chhattisgarh","Bastar","Bastar","Nature","VERIFIED"
"DEST-0205","Kailash Cave","Kailash Cave","Chhattisgarh","Bastar","Bastar","Nature","VERIFIED"
"DEST-0206","Kanger Dhara","Kanger Dhara","Chhattisgarh","Bastar","Bastar","Nature","VERIFIED"
"DEST-0207","Kanger Valley National Park","Kanger Valley National Park","Chhattisgarh","Bastar","Bastar","Wildlife","VERIFIED"
"DEST-0208","Kotumsar Cave","Kotumsar Cave","Chhattisgarh","Bastar","Bastar","Nature","VERIFIED"
"DEST-0209","Mendri Ghumar Falls","Mendri Ghumar Falls","Chhattisgarh","Bastar","Bastar","Waterfall","VERIFIED"
"DEST-0210","Mendri Ghumar Waterfall","Mendri Ghumar Waterfall","Chhattisgarh","Bastar","Bastar","Waterfall","VERIFIED"
"DEST-0211","Tamda Ghumar Falls","Tamda Ghumar Falls","Chhattisgarh","Bastar","Bastar","Waterfall","VERIFIED"
"DEST-0212","Tamda Ghumar Waterfall","Tamda Ghumar Waterfall","Chhattisgarh","Bastar","Bastar","Waterfall","VERIFIED"
"DEST-0213","Tirathgarh Falls","Tirathgarh Falls","Chhattisgarh","Bastar","Bastar","Waterfall","VERIFIED"
"DEST-0214","Achanakmar Tiger Reserve","Achanakmar Tiger Reserve","Chhattisgarh","Bilaspur","Bilaspur","Wildlife","VERIFIED"
"DEST-0215","Achanakmar Wildlife Sanctuary","Achanakmar Wildlife Sanctuary","Chhattisgarh","Bilaspur","Bilaspur","Wildlife","VERIFIED"
"DEST-0216","Bilaspur","Bilaspur","Chhattisgarh","Bilaspur","Bilaspur","City","VERIFIED"
"DEST-0217","Malhar","Malhar","Chhattisgarh","Bilaspur","Bilaspur","Archaeology","VERIFIED"
"DEST-0218","Danteshwari Temple","Danteshwari Temple","Chhattisgarh","Dantewada","Dantewada","Spiritual","VERIFIED"
"DEST-0219","Dantewada","Dantewada","Chhattisgarh","Dantewada","Dantewada","Spiritual","VERIFIED"
"DEST-0220","Rajim","Rajim","Chhattisgarh","Gariaband","Gariaband","Spiritual","VERIFIED"
"DEST-0221","Udanti-Sitanadi Tiger Reserve","Udanti-Sitanadi Tiger Reserve","Chhattisgarh","Gariaband/Dhamtari","Gariaband","Wildlife","VERIFIED"
"DEST-0222","Bhoramdeo","Bhoramdeo","Chhattisgarh","Kabirdham","Kabirdham","Heritage","VERIFIED"
"DEST-0223","Bhoramdeo Temple","Bhoramdeo Temple","Chhattisgarh","Kabirdham","Kabirdham","Heritage/Spiritual","VERIFIED"
"DEST-0224","Sirpur","Sirpur","Chhattisgarh","Mahasamund","Mahasamund","Heritage","VERIFIED"
"DEST-0225","Sirpur Archaeological Site","Sirpur Archaeological Site","Chhattisgarh","Mahasamund","Mahasamund","Heritage","VERIFIED"
"DEST-0226","Raipur","Raipur","Chhattisgarh","Raipur","Raipur","City","VERIFIED"
"DEST-0227","Dongargarh","Dongargarh","Chhattisgarh","Rajnandgaon","Rajnandgaon","Spiritual","VERIFIED"
"DEST-0228","Rajnandgaon","Rajnandgaon","Chhattisgarh","Rajnandgaon","Rajnandgaon","Heritage","VERIFIED"
"DEST-0229","Mainpat","Mainpat","Chhattisgarh","Surguja","Surguja","Hills","VERIFIED"
"DEST-0230","Dudhni Lake","Dudhni Lake","Dadra & Nagar Haveli and Daman & Diu","Dadra & Nagar Haveli","Dadra & Nagar Haveli","Nature","VERIFIED"
"DEST-0231","Silvassa","Silvassa","Dadra & Nagar Haveli and Daman & Diu","Dadra & Nagar Haveli","Dadra & Nagar Haveli","Nature","VERIFIED"
"DEST-0232","Daman","Daman","Dadra & Nagar Haveli and Daman & Diu","Daman","Daman","Beach","VERIFIED"
"DEST-0233","Devka Beach","Devka Beach","Dadra & Nagar Haveli and Daman & Diu","Daman","Daman","Beach","VERIFIED"
"DEST-0234","Jampore Beach","Jampore Beach","Dadra & Nagar Haveli and Daman & Diu","Daman","Daman","Beach","VERIFIED"
"DEST-0235","Diu","Diu","Dadra & Nagar Haveli and Daman & Diu","Diu","Diu","Beach","VERIFIED"
"DEST-0236","Diu Fort","Diu Fort","Dadra & Nagar Haveli and Daman & Diu","Diu","Diu","Heritage","VERIFIED"
"DEST-0237","Naida Caves","Naida Caves","Dadra & Nagar Haveli and Daman & Diu","Diu","Diu","Nature","VERIFIED"
"DEST-0238","St. Paul's Church","St. Paul's Church","Dadra & Nagar Haveli and Daman & Diu","Diu","Diu","Heritage","VERIFIED"
"DEST-0239","Tithal","Tithal","Dadra & Nagar Haveli and Daman & Diu","Gujarat","Gujarat","Beach","VERIFIED"
"DEST-0240","Tribal Museum","Tribal Museum","Dadra & Nagar Haveli and Daman & Diu","Silvassa","Silvassa","Culture","VERIFIED"
"DEST-0241","Vanganga Lake Garden","Vanganga Lake Garden","Dadra & Nagar Haveli and Daman & Diu","Silvassa","Silvassa","Garden","VERIFIED"
"DEST-0242","Agrasen ki Baoli","Agrasen ki Baoli","Delhi","Delhi","Delhi","Heritage","VERIFIED"
"DEST-0243","Akshardham","Akshardham","Delhi","Delhi","Delhi","Spiritual/Architecture","VERIFIED"
"DEST-0244","Akshardham Temple","Akshardham Temple","Delhi","Delhi","Delhi","Spiritual","VERIFIED"
"DEST-0245","Chandni Chowk","Chandni Chowk","Delhi","Delhi","Delhi","Food/Shopping","VERIFIED"
"DEST-0246","Connaught Place","Connaught Place","Delhi","Delhi","Delhi","Shopping/City","VERIFIED"
"DEST-0247","Delhi","Delhi","Delhi","Delhi","Delhi","City","VERIFIED"
"DEST-0248","Dilli Haat","Dilli Haat","Delhi","Delhi","Delhi","Culture/Shopping","VERIFIED"
"DEST-0249","Humayun's Tomb","Humayun's Tomb","Delhi","Delhi","Delhi","Heritage","VERIFIED"
"DEST-0250","India Gate","India Gate","Delhi","Delhi","Delhi","Monument","VERIFIED"
"DEST-0251","Jama Masjid","Jama Masjid","Delhi","Delhi","Delhi","Heritage","VERIFIED"
"DEST-0252","Jantar Mantar","Jantar Mantar","Delhi","Delhi","Delhi","Heritage/Science","VERIFIED"
"DEST-0253","Lodhi Garden","Lodhi Garden","Delhi","Delhi","Delhi","Nature/Heritage","VERIFIED"
"DEST-0254","Lotus Temple","Lotus Temple","Delhi","Delhi","Delhi","Spiritual/Architecture","VERIFIED"
"DEST-0255","National Museum","National Museum","Delhi","Delhi","Delhi","Museum","VERIFIED"
"DEST-0256","National Rail Museum","National Rail Museum","Delhi","Delhi","Delhi","Museum","VERIFIED"
"DEST-0257","National Zoological Park","National Zoological Park","Delhi","Delhi","Delhi","Wildlife","VERIFIED"
"DEST-0258","New Delhi","New Delhi","Delhi","Delhi","Delhi","City","VERIFIED"
"DEST-0259","Purana Qila","Purana Qila","Delhi","Delhi","Delhi","Heritage","VERIFIED"
"DEST-0260","Qutub Minar","Qutub Minar","Delhi","Delhi","Delhi","Heritage","VERIFIED"
"DEST-0261","Raj Ghat","Raj Ghat","Delhi","Delhi","Delhi","Heritage","VERIFIED"
"DEST-0262","Red Fort","Red Fort","Delhi","Delhi","Delhi","Heritage","VERIFIED"
"DEST-0263","Safdarjung Tomb","Safdarjung Tomb","Delhi","Delhi","Delhi","Heritage","VERIFIED"
"DEST-0264","Anjuna Beach","Anjuna Beach","Goa","North Goa","North Goa","Beach","VERIFIED"
"DEST-0265","Arambol","Arambol","Goa","North Goa","North Goa","Beach","VERIFIED"
"DEST-0266","Baga Beach","Baga Beach","Goa","North Goa","North Goa","Beach","VERIFIED"
"DEST-0267","Calangute Beach","Calangute Beach","Goa","North Goa","North Goa","Beach","VERIFIED"
"DEST-0268","Candolim","Candolim","Goa","North Goa","North Goa","Beach","VERIFIED"
"DEST-0269","Chapora Fort","Chapora Fort","Goa","North Goa","North Goa","Heritage","VERIFIED"
"DEST-0270","Chorao Island","Chorao Island","Goa","North Goa","North Goa","Island","VERIFIED"
"DEST-0271","Divar Island","Divar Island","Goa","North Goa","North Goa","Island","VERIFIED"
"DEST-0272","Fort Aguada","Fort Aguada","Goa","North Goa","North Goa","Heritage","VERIFIED"
"DEST-0273","Mandrem","Mandrem","Goa","North Goa","North Goa","Beach","VERIFIED"
"DEST-0274","Morjim","Morjim","Goa","North Goa","North Goa","Beach","VERIFIED"
"DEST-0275","Old Goa","Old Goa","Goa","North Goa","North Goa","Heritage","VERIFIED"
"DEST-0276","Panaji","Panaji","Goa","North Goa","North Goa","City","VERIFIED"
"DEST-0277","Porvorim","Porvorim","Goa","North Goa","North Goa","City","VERIFIED"
"DEST-0278","Reis Magos","Reis Magos","Goa","North Goa","North Goa","Heritage","VERIFIED"
"DEST-0279","Reis Magos Fort","Reis Magos Fort","Goa","North Goa","North Goa","Heritage","VERIFIED"
"DEST-0280","Saligao","Saligao","Goa","North Goa","North Goa","Heritage","VERIFIED"
"DEST-0281","Sinquerim","Sinquerim","Goa","North Goa","North Goa","Beach","VERIFIED"
"DEST-0282","Vagator Beach","Vagator Beach","Goa","North Goa","North Goa","Beach","VERIFIED"
"DEST-0283","Basilica of Bom Jesus","Basilica of Bom Jesus","Goa","Old Goa","Old Goa","Heritage","VERIFIED"
"DEST-0284","Museum of Christian Art","Museum of Christian Art","Goa","Old Goa","Old Goa","Museum","VERIFIED"
"DEST-0285","Se Cathedral","Se Cathedral","Goa","Old Goa","Old Goa","Heritage","VERIFIED"
"DEST-0286","Fontainhas","Fontainhas","Goa","Panaji","Panaji","Heritage","VERIFIED"
"DEST-0287","Houses of Goa Museum","Houses of Goa Museum","Goa","Panaji","Panaji","Museum","VERIFIED"
"DEST-0288","Our Lady of Angels Church","Our Lady of Angels Church","Goa","Panaji","Panaji","Heritage","VERIFIED"
"DEST-0289","Agonda","Agonda","Goa","South Goa","South Goa","Beach","VERIFIED"
"DEST-0290","Benaulim","Benaulim","Goa","South Goa","South Goa","Beach","VERIFIED"
"DEST-0291","Bhagwan Mahavir Wildlife Sanctuary","Bhagwan Mahavir Wildlife Sanctuary","Goa","South Goa","South Goa","Wildlife","VERIFIED"
"DEST-0292","Butterfly Beach","Butterfly Beach","Goa","South Goa","South Goa","Beach","VERIFIED"
"DEST-0293","Cabo de Rama","Cabo de Rama","Goa","South Goa","South Goa","Heritage","VERIFIED"
"DEST-0294","Cabo de Rama Fort","Cabo de Rama Fort","Goa","South Goa","South Goa","Heritage","VERIFIED"
"DEST-0295","Cola Beach","Cola Beach","Goa","South Goa","South Goa","Beach","VERIFIED"
"DEST-0296","Colva","Colva","Goa","South Goa","South Goa","Beach","VERIFIED"
"DEST-0297","Cotigao Wildlife Sanctuary","Cotigao Wildlife Sanctuary","Goa","South Goa","South Goa","Wildlife","VERIFIED"
"DEST-0298","Dudhsagar Falls","Dudhsagar Falls","Goa","South Goa","South Goa","Waterfall","VERIFIED"
"DEST-0299","Galgibaga Beach","Galgibaga Beach","Goa","South Goa","South Goa","Beach","VERIFIED"
"DEST-0300","Kakolem Beach","Kakolem Beach","Goa","South Goa","South Goa","Beach","VERIFIED"
"DEST-0301","Mollem","Mollem","Goa","South Goa","South Goa","Nature","VERIFIED"
"DEST-0302","Netravali Wildlife Sanctuary","Netravali Wildlife Sanctuary","Goa","South Goa","South Goa","Wildlife","VERIFIED"
"DEST-0303","Palolem","Palolem","Goa","South Goa","South Goa","Beach","VERIFIED"
"DEST-0304","São Jacinto Island","São Jacinto Island","Goa","South Goa","South Goa","Island","VERIFIED"
"DEST-0305","Ahmedabad","Ahmedabad","Gujarat","Ahmedabad","Ahmedabad","Heritage/City","VERIFIED"
"DEST-0306","Hutheesing Jain Temple","Hutheesing Jain Temple","Gujarat","Ahmedabad","Ahmedabad","Spiritual/Heritage","VERIFIED"
"DEST-0307","Kankaria Lake","Kankaria Lake","Gujarat","Ahmedabad","Ahmedabad","Lake","VERIFIED"
"DEST-0308","Lothal","Lothal","Gujarat","Ahmedabad","Ahmedabad","Heritage","VERIFIED"
"DEST-0309","Nal Sarovar","Nal Sarovar","Gujarat","Ahmedabad","Ahmedabad","Bird Sanctuary","VERIFIED"
"DEST-0310","Nalsarovar Bird Sanctuary","Nalsarovar Bird Sanctuary","Gujarat","Ahmedabad","Ahmedabad","Wildlife","VERIFIED"
"DEST-0311","Sabarmati Ashram","Sabarmati Ashram","Gujarat","Ahmedabad","Ahmedabad","Heritage","VERIFIED"
"DEST-0312","Sarkhej Roza","Sarkhej Roza","Gujarat","Ahmedabad","Ahmedabad","Heritage","VERIFIED"
"DEST-0313","Science City","Science City","Gujarat","Ahmedabad","Ahmedabad","Science","VERIFIED"
"DEST-0314","Sidi Saiyyed Mosque","Sidi Saiyyed Mosque","Gujarat","Ahmedabad","Ahmedabad","Heritage","VERIFIED"
"DEST-0315","Dinosaur Fossil Park","Dinosaur Fossil Park","Gujarat","Balasinor","Balasinor","Fossil/Heritage","VERIFIED"
"DEST-0316","Ambaji","Ambaji","Gujarat","Banaskantha","Banaskantha","Spiritual","VERIFIED"
"DEST-0317","Jessore Sloth Bear Sanctuary","Jessore Sloth Bear Sanctuary","Gujarat","Banaskantha","Banaskantha","Wildlife","VERIFIED"
"DEST-0318","Blackbuck National Park","Blackbuck National Park","Gujarat","Bhavnagar","Bhavnagar","Wildlife","VERIFIED"
"DEST-0319","Palitana","Palitana","Gujarat","Bhavnagar","Bhavnagar","Jain/Spiritual","VERIFIED"
"DEST-0320","Velavadar National Park","Velavadar National Park","Gujarat","Bhavnagar","Bhavnagar","Wildlife","VERIFIED"
"DEST-0321","Aina Mahal","Aina Mahal","Gujarat","Bhuj","Bhuj","Heritage","VERIFIED"
"DEST-0322","Hamirsar Lake","Hamirsar Lake","Gujarat","Bhuj","Bhuj","Lake","VERIFIED"
"DEST-0323","Kutch Museum","Kutch Museum","Gujarat","Bhuj","Bhuj","Museum","VERIFIED"
"DEST-0324","Prag Mahal","Prag Mahal","Gujarat","Bhuj","Bhuj","Heritage","VERIFIED"
"DEST-0325","Saputara","Saputara","Gujarat","Dang","Dang","Hills","VERIFIED"
"DEST-0326","Dwarka","Dwarka","Gujarat","Devbhumi Dwarka","Devbhumi Dwarka","Spiritual","VERIFIED"
"DEST-0327","Diu Fort","Diu Fort","Gujarat","Diu","Diu","Heritage","VERIFIED"
"DEST-0328","Naida Caves","Naida Caves","Gujarat","Diu","Diu","Nature","VERIFIED"
"DEST-0329","Adalaj","Adalaj","Gujarat","Gandhinagar","Gandhinagar","Heritage","VERIFIED"
"DEST-0330","Adalaj Stepwell","Adalaj Stepwell","Gujarat","Gandhinagar","Gandhinagar","Heritage","VERIFIED"
"DEST-0331","Gandhinagar","Gandhinagar","Gujarat","Gandhinagar","Gandhinagar","City","VERIFIED"
"DEST-0332","Somnath","Somnath","Gujarat","Gir Somnath","Gir Somnath","Spiritual","VERIFIED"
"DEST-0333","Tulsishyam","Tulsishyam","Gujarat","Gir Somnath","Gir Somnath","Spiritual/Nature","VERIFIED"
"DEST-0334","Jamnagar","Jamnagar","Gujarat","Jamnagar","Jamnagar","City","VERIFIED"
"DEST-0335","Khijadiya","Khijadiya","Gujarat","Jamnagar","Jamnagar","Bird Sanctuary","VERIFIED"
"DEST-0336","Khijadiya Bird Sanctuary","Khijadiya Bird Sanctuary","Gujarat","Jamnagar","Jamnagar","Wildlife","VERIFIED"
"DEST-0337","Marine National Park","Marine National Park","Gujarat","Jamnagar","Jamnagar","Marine Wildlife","VERIFIED"
"DEST-0338","Narara Reef","Narara Reef","Gujarat","Jamnagar","Jamnagar","Marine Wildlife","VERIFIED"
"DEST-0339","Pirotan Island","Pirotan Island","Gujarat","Jamnagar","Jamnagar","Island","VERIFIED"
"DEST-0340","Chorwad","Chorwad","Gujarat","Junagadh","Junagadh","Beach","VERIFIED"
"DEST-0341","Gir National Park","Gir National Park","Gujarat","Junagadh","Junagadh","Wildlife","VERIFIED"
"DEST-0342","Girnar","Girnar","Gujarat","Junagadh","Junagadh","Spiritual/Nature","VERIFIED"
"DEST-0343","Girnar Wildlife Sanctuary","Girnar Wildlife Sanctuary","Gujarat","Junagadh","Junagadh","Wildlife","VERIFIED"
"DEST-0344","Junagadh","Junagadh","Gujarat","Junagadh","Junagadh","Heritage","VERIFIED"
"DEST-0345","Bhuj","Bhuj","Gujarat","Kutch","Kutch","Heritage","VERIFIED"
"DEST-0346","Dholavira","Dholavira","Gujarat","Kutch","Kutch","Heritage","VERIFIED"
"DEST-0347","Dhordo","Dhordo","Gujarat","Kutch","Kutch","Desert/Culture","VERIFIED"
"DEST-0348","Great Rann of Kutch","Great Rann of Kutch","Gujarat","Kutch","Kutch","Desert","VERIFIED"
"DEST-0349","Hodka","Hodka","Gujarat","Kutch","Kutch","Culture","VERIFIED"
"DEST-0350","Kalo Dungar","Kalo Dungar","Gujarat","Kutch","Kutch","Viewpoint","VERIFIED"
"DEST-0351","Khavda","Khavda","Gujarat","Kutch","Kutch","Desert","VERIFIED"
"DEST-0352","Koteshwar Temple","Koteshwar Temple","Gujarat","Kutch","Kutch","Spiritual","VERIFIED"
"DEST-0353","Lakhpat","Lakhpat","Gujarat","Kutch","Kutch","Heritage","VERIFIED"
"DEST-0354","Mandvi","Mandvi","Gujarat","Kutch","Kutch","Beach","VERIFIED"
"DEST-0355","Mata no Madh","Mata no Madh","Gujarat","Kutch","Kutch","Spiritual","VERIFIED"
"DEST-0356","Narayan Sarovar","Narayan Sarovar","Gujarat","Kutch","Kutch","Spiritual/Nature","VERIFIED"
"DEST-0357","Balasinor","Balasinor","Gujarat","Mahisagar","Mahisagar","Heritage","VERIFIED"
"DEST-0358","Balasinor Dinosaur Museum","Balasinor Dinosaur Museum","Gujarat","Mahisagar","Mahisagar","Museum","VERIFIED"
"DEST-0359","Modhera","Modhera","Gujarat","Mehsana","Mehsana","Heritage","VERIFIED"
"DEST-0360","Modhera Dance Festival Site","Modhera Dance Festival Site","Gujarat","Mehsana","Mehsana","Culture","VERIFIED"
"DEST-0361","Modhera Sun Temple","Modhera Sun Temple","Gujarat","Mehsana","Mehsana","Heritage","VERIFIED"
"DEST-0362","Taranga","Taranga","Gujarat","Mehsana","Mehsana","Spiritual/Nature","VERIFIED"
"DEST-0363","Taranga Hills","Taranga Hills","Gujarat","Mehsana","Mehsana","Spiritual","VERIFIED"
"DEST-0364","Thol Lake","Thol Lake","Gujarat","Mehsana","Mehsana","Wildlife","VERIFIED"
"DEST-0365","Vadnagar","Vadnagar","Gujarat","Mehsana","Mehsana","Heritage","VERIFIED"
"DEST-0366","Morbi","Morbi","Gujarat","Morbi","Morbi","Heritage","VERIFIED"
"DEST-0367","Wankaner","Wankaner","Gujarat","Morbi","Morbi","Heritage","VERIFIED"
"DEST-0368","Ekta Nagar","Ekta Nagar","Gujarat","Narmada","Narmada","Tourism","VERIFIED"
"DEST-0369","Shoolpaneshwar","Shoolpaneshwar","Gujarat","Narmada","Narmada","Wildlife","VERIFIED"
"DEST-0370","Statue of Unity","Statue of Unity","Gujarat","Narmada","Narmada","Monument","VERIFIED"
"DEST-0371","Zarwani Waterfalls","Zarwani Waterfalls","Gujarat","Narmada","Narmada","Nature","VERIFIED"
"DEST-0372","Champaner-Pavagadh","Champaner-Pavagadh","Gujarat","Panchmahal","Panchmahal","Heritage/Spiritual","VERIFIED"
"DEST-0373","Hathni Mata Waterfall","Hathni Mata Waterfall","Gujarat","Panchmahal","Panchmahal","Waterfall","VERIFIED"
"DEST-0374","Jambughoda Wildlife Sanctuary","Jambughoda Wildlife Sanctuary","Gujarat","Panchmahal","Panchmahal","Wildlife","VERIFIED"
"DEST-0375","Kalika Mata Temple","Kalika Mata Temple","Gujarat","Panchmahal","Panchmahal","Spiritual","VERIFIED"
"DEST-0376","Pavagadh","Pavagadh","Gujarat","Panchmahal","Panchmahal","Spiritual","VERIFIED"
"DEST-0377","Patan","Patan","Gujarat","Patan","Patan","Heritage","VERIFIED"
"DEST-0378","Rani ki Vav","Rani ki Vav","Gujarat","Patan","Patan","Heritage","VERIFIED"
"DEST-0379","Shankheshwar","Shankheshwar","Gujarat","Patan","Patan","Spiritual","VERIFIED"
"DEST-0380","Siddhpur","Siddhpur","Gujarat","Patan","Patan","Heritage","VERIFIED"
"DEST-0381","Barda Wildlife Sanctuary","Barda Wildlife Sanctuary","Gujarat","Porbandar","Porbandar","Wildlife","VERIFIED"
"DEST-0382","Kirti Mandir","Kirti Mandir","Gujarat","Porbandar","Porbandar","Heritage","VERIFIED"
"DEST-0383","Madhavpur","Madhavpur","Gujarat","Porbandar","Porbandar","Beach","VERIFIED"
"DEST-0384","Madhavpur Beach","Madhavpur Beach","Gujarat","Porbandar","Porbandar","Beach","VERIFIED"
"DEST-0385","Porbandar","Porbandar","Gujarat","Porbandar","Porbandar","Heritage","VERIFIED"
"DEST-0386","Sudama Temple","Sudama Temple","Gujarat","Porbandar","Porbandar","Spiritual","VERIFIED"
"DEST-0387","Gondal","Gondal","Gujarat","Rajkot","Rajkot","Heritage","VERIFIED"
"DEST-0388","Rajkot","Rajkot","Gujarat","Rajkot","Rajkot","City","VERIFIED"
"DEST-0389","Rajkot Fort","Rajkot Fort","Gujarat","Rajkot","Rajkot","Heritage","VERIFIED"
"DEST-0390","Polo Forest","Polo Forest","Gujarat","Sabarkantha","Sabarkantha","Nature","VERIFIED"
"DEST-0391","Surat","Surat","Gujarat","Surat","Surat","City","VERIFIED"
"DEST-0392","Wadhwan","Wadhwan","Gujarat","Surendranagar","Surendranagar","Heritage","VERIFIED"
"DEST-0393","Little Rann of Kutch","Little Rann of Kutch","Gujarat","Surendranagar/Kutch","Surendranagar","Wildlife","VERIFIED"
"DEST-0394","Kirti Toran","Kirti Toran","Gujarat","Vadnagar","Vadnagar","Heritage","VERIFIED"
"DEST-0395","Vadodara","Vadodara","Gujarat","Vadodara","Vadodara","Heritage","VERIFIED"
"DEST-0396","Dharampur","Dharampur","Gujarat","Valsad","Valsad","Heritage/Nature","VERIFIED"
"DEST-0397","Tithal","Tithal","Gujarat","Valsad","Valsad","Beach","VERIFIED"
"DEST-0398","Tithal Beach","Tithal Beach","Gujarat","Valsad","Valsad","Beach","VERIFIED"
"DEST-0399","Udvada","Udvada","Gujarat","Valsad","Valsad","Culture/Food","VERIFIED"
"DEST-0400","Valsad","Valsad","Gujarat","Valsad","Valsad","Coastal","VERIFIED"
"DEST-0401","Wilson Hills","Wilson Hills","Gujarat","Valsad","Valsad","Hills","VERIFIED"
"DEST-0402","Faridabad","Faridabad","Haryana","Faridabad","Faridabad","City","VERIFIED"
"DEST-0403","Surajkund","Surajkund","Haryana","Faridabad","Faridabad","Heritage/Culture","VERIFIED"
"DEST-0404","Gurugram","Gurugram","Haryana","Gurugram","Gurugram","City","VERIFIED"
"DEST-0405","Sultanpur National Park","Sultanpur National Park","Haryana","Gurugram","Gurugram","Wildlife","VERIFIED"
"DEST-0406","Agroha","Agroha","Haryana","Hisar","Hisar","Heritage","VERIFIED"
"DEST-0407","Hisar","Hisar","Haryana","Hisar","Hisar","Heritage","VERIFIED"
"DEST-0408","Rakhigarhi","Rakhigarhi","Haryana","Hisar","Hisar","Archaeology","VERIFIED"
"DEST-0409","Bhindawas Wildlife Sanctuary","Bhindawas Wildlife Sanctuary","Haryana","Jhajjar","Jhajjar","Wildlife","VERIFIED"
"DEST-0410","Brahma Sarovar","Brahma Sarovar","Haryana","Kurukshetra","Kurukshetra","Spiritual","VERIFIED"
"DEST-0411","Jyotisar","Jyotisar","Haryana","Kurukshetra","Kurukshetra","Spiritual","VERIFIED"
"DEST-0412","Kurukshetra","Kurukshetra","Haryana","Kurukshetra","Kurukshetra","Spiritual/Heritage","VERIFIED"
"DEST-0413","Sheikh Chilli Tomb","Sheikh Chilli Tomb","Haryana","Kurukshetra","Kurukshetra","Heritage","VERIFIED"
"DEST-0414","Cactus Garden","Cactus Garden","Haryana","Panchkula","Panchkula","Nature","VERIFIED"
"DEST-0415","Mansa Devi Temple","Mansa Devi Temple","Haryana","Panchkula","Panchkula","Spiritual","VERIFIED"
"DEST-0416","Morni","Morni","Haryana","Panchkula","Panchkula","Hills","VERIFIED"
"DEST-0417","Morni Hills","Morni Hills","Haryana","Panchkula","Panchkula","Hills","VERIFIED"
"DEST-0418","Nada Sahib","Nada Sahib","Haryana","Panchkula","Panchkula","Spiritual","VERIFIED"
"DEST-0419","Panchkula","Panchkula","Haryana","Panchkula","Panchkula","City/Nature","VERIFIED"
"DEST-0420","Pinjore","Pinjore","Haryana","Panchkula","Panchkula","Heritage","VERIFIED"
"DEST-0421","Pinjore Gardens","Pinjore Gardens","Haryana","Panchkula","Panchkula","Heritage","VERIFIED"
"DEST-0422","Tikkar Taal","Tikkar Taal","Haryana","Panchkula","Panchkula","Lake","VERIFIED"
"DEST-0423","Kabuli Bagh Mosque","Kabuli Bagh Mosque","Haryana","Panipat","Panipat","Heritage","VERIFIED"
"DEST-0424","Panipat","Panipat","Haryana","Panipat","Panipat","Heritage","VERIFIED"
"DEST-0425","Panipat Museum","Panipat Museum","Haryana","Panipat","Panipat","Museum","VERIFIED"
"DEST-0426","Rewari","Rewari","Haryana","Rewari","Rewari","Heritage","VERIFIED"
"DEST-0427","Kalesar National Park","Kalesar National Park","Haryana","Yamunanagar","Yamunanagar","Wildlife","VERIFIED"
"DEST-0428","Bharmour","Bharmour","Himachal Pradesh","Chamba","Chamba","Spiritual","VERIFIED"
"DEST-0429","Chamba","Chamba","Himachal Pradesh","Chamba","Chamba","Heritage","VERIFIED"
"DEST-0430","Dalhousie","Dalhousie","Himachal Pradesh","Chamba","Chamba","Hills","VERIFIED"
"DEST-0431","Khajjiar","Khajjiar","Himachal Pradesh","Chamba","Chamba","Nature","VERIFIED"
"DEST-0432","Manimahesh","Manimahesh","Himachal Pradesh","Chamba","Chamba","Spiritual/Mountains","VERIFIED"
"DEST-0433","Pangi Valley","Pangi Valley","Himachal Pradesh","Chamba","Chamba","Mountains","VERIFIED"
"DEST-0434","Andretta","Andretta","Himachal Pradesh","Kangra","Kangra","Culture","VERIFIED"
"DEST-0435","Bir","Bir","Himachal Pradesh","Kangra","Kangra","Adventure","VERIFIED"
"DEST-0436","Bir Billing","Bir Billing","Himachal Pradesh","Kangra","Kangra","Adventure","VERIFIED"
"DEST-0437","Dharamshala","Dharamshala","Himachal Pradesh","Kangra","Kangra","Hills","VERIFIED"
"DEST-0438","McLeod Ganj","McLeod Ganj","Himachal Pradesh","Kangra","Kangra","Buddhist/Hills","VERIFIED"
"DEST-0439","Palampur","Palampur","Himachal Pradesh","Kangra","Kangra","Tea/Hills","VERIFIED"
"DEST-0440","Pong Dam","Pong Dam","Himachal Pradesh","Kangra","Kangra","Nature","VERIFIED"
"DEST-0441","Chitkul","Chitkul","Himachal Pradesh","Kinnaur","Kinnaur","Mountains","VERIFIED"
"DEST-0442","Kalpa","Kalpa","Himachal Pradesh","Kinnaur","Kinnaur","Mountains","VERIFIED"
"DEST-0443","Kinnaur","Kinnaur","Himachal Pradesh","Kinnaur","Kinnaur","Mountains","VERIFIED"
"DEST-0444","Nako","Nako","Himachal Pradesh","Kinnaur","Kinnaur","Mountains","VERIFIED"
"DEST-0445","Reckong Peo","Reckong Peo","Himachal Pradesh","Kinnaur","Kinnaur","Mountains","VERIFIED"
"DEST-0446","Sangla","Sangla","Himachal Pradesh","Kinnaur","Kinnaur","Valley","VERIFIED"
"DEST-0447","Great Himalayan National Park","Great Himalayan National Park","Himachal Pradesh","Kullu","Kullu","Wildlife","VERIFIED"
"DEST-0448","Jibhi","Jibhi","Himachal Pradesh","Kullu","Kullu","Nature","VERIFIED"
"DEST-0449","Kasol","Kasol","Himachal Pradesh","Kullu","Kullu","Hills","VERIFIED"
"DEST-0450","Khir Ganga","Khir Ganga","Himachal Pradesh","Kullu","Kullu","Trek","VERIFIED"
"DEST-0451","Kullu","Kullu","Himachal Pradesh","Kullu","Kullu","Hills","VERIFIED"
"DEST-0452","Manali","Manali","Himachal Pradesh","Kullu","Kullu","Hills","VERIFIED"
"DEST-0453","Manikaran","Manikaran","Himachal Pradesh","Kullu","Kullu","Spiritual","VERIFIED"
"DEST-0454","Naggar","Naggar","Himachal Pradesh","Kullu","Kullu","Heritage","VERIFIED"
"DEST-0455","Naggar Castle","Naggar Castle","Himachal Pradesh","Kullu","Kullu","Heritage","VERIFIED"
"DEST-0456","Rohtang Pass","Rohtang Pass","Himachal Pradesh","Kullu","Kullu","Mountains","VERIFIED"
"DEST-0457","Shoja","Shoja","Himachal Pradesh","Kullu","Kullu","Hills","VERIFIED"
"DEST-0458","Solang Valley","Solang Valley","Himachal Pradesh","Kullu","Kullu","Adventure","VERIFIED"
"DEST-0459","Tirthan Valley","Tirthan Valley","Himachal Pradesh","Kullu","Kullu","Nature","VERIFIED"
"DEST-0460","Keylong","Keylong","Himachal Pradesh","Lahaul","Lahaul","Mountains","VERIFIED"
"DEST-0461","Lahaul Valley","Lahaul Valley","Himachal Pradesh","Lahaul","Lahaul","Mountains","VERIFIED"
"DEST-0462","Spiti Valley","Spiti Valley","Himachal Pradesh","Lahaul & Spiti","Lahaul & Spiti","Mountains","VERIFIED"
"DEST-0463","Dhankar","Dhankar","Himachal Pradesh","Lahaul-Spiti","Lahaul-Spiti","Monastery","VERIFIED"
"DEST-0464","Kaza","Kaza","Himachal Pradesh","Lahaul-Spiti","Lahaul-Spiti","Mountains","VERIFIED"
"DEST-0465","Pin Valley National Park","Pin Valley National Park","Himachal Pradesh","Lahaul-Spiti","Lahaul-Spiti","Wildlife","VERIFIED"
"DEST-0466","Tabo","Tabo","Himachal Pradesh","Lahaul-Spiti","Lahaul-Spiti","Heritage","VERIFIED"
"DEST-0467","Hidimba Temple","Hidimba Temple","Himachal Pradesh","Manali","Manali","Spiritual","VERIFIED"
"DEST-0468","Barot","Barot","Himachal Pradesh","Mandi","Mandi","Nature","VERIFIED"
"DEST-0469","Mandi","Mandi","Himachal Pradesh","Mandi","Mandi","Heritage","VERIFIED"
"DEST-0470","Prashar Lake","Prashar Lake","Himachal Pradesh","Mandi","Mandi","Nature","VERIFIED"
"DEST-0471","Fagu","Fagu","Himachal Pradesh","Shimla","Shimla","Hills","VERIFIED"
"DEST-0472","Kufri","Kufri","Himachal Pradesh","Shimla","Shimla","Hills","VERIFIED"
"DEST-0473","Mashobra","Mashobra","Himachal Pradesh","Shimla","Shimla","Hills","VERIFIED"
"DEST-0474","Naldehra","Naldehra","Himachal Pradesh","Shimla","Shimla","Hills","VERIFIED"
"DEST-0475","Narkanda","Narkanda","Himachal Pradesh","Shimla","Shimla","Hills","VERIFIED"
"DEST-0476","Sarahan","Sarahan","Himachal Pradesh","Shimla","Shimla","Hills","VERIFIED"
"DEST-0477","Shimla","Shimla","Himachal Pradesh","Shimla","Shimla","Hills","VERIFIED"
"DEST-0478","Nahan","Nahan","Himachal Pradesh","Sirmaur","Sirmaur","Hills","VERIFIED"
"DEST-0479","Paonta Sahib","Paonta Sahib","Himachal Pradesh","Sirmaur","Sirmaur","Spiritual","VERIFIED"
"DEST-0480","Renuka Lake","Renuka Lake","Himachal Pradesh","Sirmaur","Sirmaur","Lake","VERIFIED"
"DEST-0481","Chail","Chail","Himachal Pradesh","Solan","Solan","Hills","VERIFIED"
"DEST-0482","Kasauli","Kasauli","Himachal Pradesh","Solan","Solan","Hills","VERIFIED"
"DEST-0483","Anantnag","Anantnag","Jammu & Kashmir","Anantnag","Anantnag","City/Nature","VERIFIED"
"DEST-0484","Daksum","Daksum","Jammu & Kashmir","Anantnag","Anantnag","Nature","VERIFIED"
"DEST-0485","Pahalgam","Pahalgam","Jammu & Kashmir","Anantnag","Anantnag","Mountains","VERIFIED"
"DEST-0486","Gurez Valley","Gurez Valley","Jammu & Kashmir","Bandipora","Bandipora","Mountains","VERIFIED"
"DEST-0487","Gulmarg","Gulmarg","Jammu & Kashmir","Baramulla","Baramulla","Mountains","VERIFIED"
"DEST-0488","Doodhpathri","Doodhpathri","Jammu & Kashmir","Budgam","Budgam","Nature","VERIFIED"
"DEST-0489","Yusmarg","Yusmarg","Jammu & Kashmir","Budgam","Budgam","Nature","VERIFIED"
"DEST-0490","Bhaderwah","Bhaderwah","Jammu & Kashmir","Doda","Doda","Hills","VERIFIED"
"DEST-0491","Sonamarg","Sonamarg","Jammu & Kashmir","Ganderbal","Ganderbal","Mountains","VERIFIED"
"DEST-0492","Akhnoor Fort","Akhnoor Fort","Jammu & Kashmir","Jammu","Jammu","Heritage","VERIFIED"
"DEST-0493","Amar Mahal Palace","Amar Mahal Palace","Jammu & Kashmir","Jammu","Jammu","Heritage","VERIFIED"
"DEST-0494","Bahu Fort","Bahu Fort","Jammu & Kashmir","Jammu","Jammu","Heritage","VERIFIED"
"DEST-0495","Jammu","Jammu","Jammu & Kashmir","Jammu","Jammu","City/Spiritual","VERIFIED"
"DEST-0496","Mansar Lake","Mansar Lake","Jammu & Kashmir","Jammu","Jammu","Lake","VERIFIED"
"DEST-0497","Mubarak Mandi Palace","Mubarak Mandi Palace","Jammu & Kashmir","Jammu","Jammu","Heritage","VERIFIED"
"DEST-0498","Sinthan Top","Sinthan Top","Jammu & Kashmir","Kishtwar","Kishtwar","Mountains","VERIFIED"
"DEST-0499","Aharbal","Aharbal","Jammu & Kashmir","Kulgam","Kulgam","Waterfall","VERIFIED"
"DEST-0500","Bangus Valley","Bangus Valley","Jammu & Kashmir","Kupwara","Kupwara","Mountains","VERIFIED"
"DEST-0501","Poonch","Poonch","Jammu & Kashmir","Poonch","Poonch","Heritage","VERIFIED"
"DEST-0502","Rajouri","Rajouri","Jammu & Kashmir","Rajouri","Rajouri","Nature","VERIFIED"
"DEST-0503","Sanasar","Sanasar","Jammu & Kashmir","Ramban","Ramban","Hills","VERIFIED"
"DEST-0504","Katra","Katra","Jammu & Kashmir","Reasi","Reasi","Spiritual","VERIFIED"
"DEST-0505","Vaishno Devi","Vaishno Devi","Jammu & Kashmir","Reasi","Reasi","Spiritual","VERIFIED"
"DEST-0506","Dal Lake","Dal Lake","Jammu & Kashmir","Srinagar","Srinagar","Lake","VERIFIED"
"DEST-0507","Srinagar","Srinagar","Jammu & Kashmir","Srinagar","Srinagar","Lakes/Hills","VERIFIED"
"DEST-0508","Krimchi Temples","Krimchi Temples","Jammu & Kashmir","Udhampur","Udhampur","Heritage","VERIFIED"
"DEST-0509","Patnitop","Patnitop","Jammu & Kashmir","Udhampur","Udhampur","Hills","VERIFIED"
"DEST-0510","Deoghar","Deoghar","Jharkhand","Deoghar","Deoghar","Spiritual","VERIFIED"
"DEST-0511","Maluti Temples","Maluti Temples","Jharkhand","Dumka","Dumka","Heritage","VERIFIED"
"DEST-0512","Dalma Wildlife Sanctuary","Dalma Wildlife Sanctuary","Jharkhand","East Singhbhum","East Singhbhum","Wildlife","VERIFIED"
"DEST-0513","Jamshedpur","Jamshedpur","Jharkhand","East Singhbhum","East Singhbhum","City","VERIFIED"
"DEST-0514","Parasnath","Parasnath","Jharkhand","Giridih","Giridih","Jain/Spiritual","VERIFIED"
"DEST-0515","Hazaribagh","Hazaribagh","Jharkhand","Hazaribagh","Hazaribagh","Nature","VERIFIED"
"DEST-0516","Panch Gagh Falls","Panch Gagh Falls","Jharkhand","Khunti","Khunti","Waterfall","VERIFIED"
"DEST-0517","Betla National Park","Betla National Park","Jharkhand","Latehar","Latehar","Wildlife","VERIFIED"
"DEST-0518","Lodh Falls","Lodh Falls","Jharkhand","Latehar","Latehar","Waterfall","VERIFIED"
"DEST-0519","Netarhat","Netarhat","Jharkhand","Latehar","Latehar","Hills","VERIFIED"
"DEST-0520","Palamau","Palamau","Jharkhand","Latehar","Latehar","Wildlife","VERIFIED"
"DEST-0521","Palamau Tiger Reserve","Palamau Tiger Reserve","Jharkhand","Latehar","Latehar","Wildlife","VERIFIED"
"DEST-0522","Patratu Dam","Patratu Dam","Jharkhand","Ramgarh","Ramgarh","Nature","VERIFIED"
"DEST-0523","Patratu Valley","Patratu Valley","Jharkhand","Ramgarh","Ramgarh","Nature","VERIFIED"
"DEST-0524","Rajrappa","Rajrappa","Jharkhand","Ramgarh","Ramgarh","Spiritual","VERIFIED"
"DEST-0525","Dassam Falls","Dassam Falls","Jharkhand","Ranchi","Ranchi","Waterfall","VERIFIED"
"DEST-0526","Hundru Falls","Hundru Falls","Jharkhand","Ranchi","Ranchi","Waterfall","VERIFIED"
"DEST-0527","Jagannath Temple Ranchi","Jagannath Temple Ranchi","Jharkhand","Ranchi","Ranchi","Spiritual","VERIFIED"
"DEST-0528","Jonha Falls","Jonha Falls","Jharkhand","Ranchi","Ranchi","Waterfall","VERIFIED"
"DEST-0529","Ranchi","Ranchi","Jharkhand","Ranchi","Ranchi","City","VERIFIED"
"DEST-0530","Chandil","Chandil","Jharkhand","Seraikela-Kharsawan","Seraikela-Kharsawan","Nature","VERIFIED"
"DEST-0531","Aihole","Aihole","Karnataka","Bagalkot","Bagalkot","Heritage","VERIFIED"
"DEST-0532","Badami","Badami","Karnataka","Bagalkot","Bagalkot","Heritage","VERIFIED"
"DEST-0533","Pattadakal","Pattadakal","Karnataka","Bagalkot","Bagalkot","Heritage","VERIFIED"
"DEST-0534","Badami Caves","Badami Caves","Karnataka","Bagalkote","Bagalkote","Heritage","VERIFIED"
"DEST-0535","Banashankari","Banashankari","Karnataka","Bagalkote","Bagalkote","Spiritual","VERIFIED"
"DEST-0536","Kudalasangama","Kudalasangama","Karnataka","Bagalkote","Bagalkote","Spiritual","VERIFIED"
"DEST-0537","Belagavi","Belagavi","Karnataka","Belagavi","Belagavi","Heritage","VERIFIED"
"DEST-0538","Bengaluru","Bengaluru","Karnataka","Bengaluru","Bengaluru","City","VERIFIED"
"DEST-0539","Bengaluru Palace","Bengaluru Palace","Karnataka","Bengaluru","Bengaluru","Heritage","VERIFIED"
"DEST-0540","Basavakalyan","Basavakalyan","Karnataka","Bidar","Bidar","Heritage","VERIFIED"
"DEST-0541","Bidar","Bidar","Karnataka","Bidar","Bidar","Heritage","VERIFIED"
"DEST-0542","Bidar Fort","Bidar Fort","Karnataka","Bidar","Bidar","Heritage","VERIFIED"
"DEST-0543","Bandipur","Bandipur","Karnataka","Chamarajanagar","Chamarajanagar","Wildlife","VERIFIED"
"DEST-0544","Biligiriranga Hills","Biligiriranga Hills","Karnataka","Chamarajanagar","Chamarajanagar","Wildlife","VERIFIED"
"DEST-0545","Nandi Hills","Nandi Hills","Karnataka","Chikkaballapur","Chikkaballapur","Hills","VERIFIED"
"DEST-0546","Chikmagalur","Chikmagalur","Karnataka","Chikkamagaluru","Chikkamagaluru","Hills","VERIFIED"
"DEST-0547","Kudremukh","Kudremukh","Karnataka","Chikkamagaluru","Chikkamagaluru","Mountains","VERIFIED"
"DEST-0548","Chitradurga","Chitradurga","Karnataka","Chitradurga","Chitradurga","Heritage","VERIFIED"
"DEST-0549","Mangaluru","Mangaluru","Karnataka","Dakshina Kannada","Dakshina Kannada","Coastal","VERIFIED"
"DEST-0550","Dharwad","Dharwad","Karnataka","Dharwad","Dharwad","Heritage/Culture","VERIFIED"
"DEST-0551","Lakkundi","Lakkundi","Karnataka","Gadag","Gadag","Heritage","VERIFIED"
"DEST-0552","Belur","Belur","Karnataka","Hassan","Hassan","Heritage","VERIFIED"
"DEST-0553","Halebidu","Halebidu","Karnataka","Hassan","Hassan","Heritage","VERIFIED"
"DEST-0554","Sakleshpur","Sakleshpur","Karnataka","Hassan","Hassan","Hills","VERIFIED"
"DEST-0555","Shravanabelagola","Shravanabelagola","Karnataka","Hassan","Hassan","Jain/Heritage","VERIFIED"
"DEST-0556","Kalaburagi","Kalaburagi","Karnataka","Kalaburagi","Kalaburagi","Heritage","VERIFIED"
"DEST-0557","Coorg","Coorg","Karnataka","Kodagu","Kodagu","Hills","VERIFIED"
"DEST-0558","Nagarhole","Nagarhole","Karnataka","Kodagu/Mysuru","Kodagu","Wildlife","VERIFIED"
"DEST-0559","Melukote","Melukote","Karnataka","Mandya","Mandya","Spiritual/Heritage","VERIFIED"
"DEST-0560","Shivanasamudra Falls","Shivanasamudra Falls","Karnataka","Mandya","Mandya","Waterfall","VERIFIED"
"DEST-0561","Srirangapatna","Srirangapatna","Karnataka","Mandya","Mandya","Heritage","VERIFIED"
"DEST-0562","Kabini","Kabini","Karnataka","Mysuru","Mysuru","Wildlife","VERIFIED"
"DEST-0563","Mysuru","Mysuru","Karnataka","Mysuru","Mysuru","Heritage","VERIFIED"
"DEST-0564","Mysuru Zoo","Mysuru Zoo","Karnataka","Mysuru","Mysuru","Wildlife","VERIFIED"
"DEST-0565","Somnathpura","Somnathpura","Karnataka","Mysuru","Mysuru","Heritage","VERIFIED"
"DEST-0566","Agumbe","Agumbe","Karnataka","Shivamogga","Shivamogga","Rainforest","VERIFIED"
"DEST-0567","Jog Falls","Jog Falls","Karnataka","Shivamogga","Shivamogga","Waterfall","VERIFIED"
"DEST-0568","Hogenakkal","Hogenakkal","Karnataka","Tamil Nadu","Tamil Nadu","Waterfall","VERIFIED"
"DEST-0569","Udupi","Udupi","Karnataka","Udupi","Udupi","Spiritual/Coastal","VERIFIED"
"DEST-0570","Dandeli","Dandeli","Karnataka","Uttara Kannada","Uttara Kannada","Adventure/Nature","VERIFIED"
"DEST-0571","Gokarna","Gokarna","Karnataka","Uttara Kannada","Uttara Kannada","Beach/Spiritual","VERIFIED"
"DEST-0572","Kali Tiger Reserve","Kali Tiger Reserve","Karnataka","Uttara Kannada","Uttara Kannada","Wildlife","VERIFIED"
"DEST-0573","Murudeshwar","Murudeshwar","Karnataka","Uttara Kannada","Uttara Kannada","Beach/Spiritual","VERIFIED"
"DEST-0574","Sirsi","Sirsi","Karnataka","Uttara Kannada","Uttara Kannada","Nature","VERIFIED"
"DEST-0575","Yana Caves","Yana Caves","Karnataka","Uttara Kannada","Uttara Kannada","Nature","VERIFIED"
"DEST-0576","Anegundi","Anegundi","Karnataka","Vijayanagara","Vijayanagara","Heritage","VERIFIED"
"DEST-0577","Daroji Sloth Bear Sanctuary","Daroji Sloth Bear Sanctuary","Karnataka","Vijayanagara","Vijayanagara","Wildlife","VERIFIED"
"DEST-0578","Hampi","Hampi","Karnataka","Vijayanagara","Vijayanagara","Heritage","VERIFIED"
"DEST-0579","Hampi Bazaar","Hampi Bazaar","Karnataka","Vijayanagara","Vijayanagara","Heritage","VERIFIED"
"DEST-0580","Gol Gumbaz","Gol Gumbaz","Karnataka","Vijayapura","Vijayapura","Heritage","VERIFIED"
"DEST-0581","Vijayapura","Vijayapura","Karnataka","Vijayapura","Vijayapura","Heritage","VERIFIED"
"DEST-0582","Alappuzha","Alappuzha","Kerala","Alappuzha","Alappuzha","Backwaters","VERIFIED"
"DEST-0583","Kakkathuruthu","Kakkathuruthu","Kerala","Alappuzha","Alappuzha","Backwaters","VERIFIED"
"DEST-0584","Marari Beach","Marari Beach","Kerala","Alappuzha","Alappuzha","Beach","VERIFIED"
"DEST-0585","Fort Kochi","Fort Kochi","Kerala","Ernakulam","Ernakulam","Heritage","VERIFIED"
"DEST-0586","Kochi","Kochi","Kerala","Ernakulam","Ernakulam","City/Heritage","VERIFIED"
"DEST-0587","Eravikulam National Park","Eravikulam National Park","Kerala","Idukki","Idukki","Wildlife","VERIFIED"
"DEST-0588","Munnar","Munnar","Kerala","Idukki","Idukki","Hills","VERIFIED"
"DEST-0589","Periyar","Periyar","Kerala","Idukki","Idukki","Wildlife","VERIFIED"
"DEST-0590","Periyar Tiger Reserve","Periyar Tiger Reserve","Kerala","Idukki","Idukki","Wildlife","VERIFIED"
"DEST-0591","Thekkady","Thekkady","Kerala","Idukki","Idukki","Wildlife","VERIFIED"
"DEST-0592","Vagamon","Vagamon","Kerala","Idukki","Idukki","Hills","VERIFIED"
"DEST-0593","Kannur","Kannur","Kerala","Kannur","Kannur","Coastal","VERIFIED"
"DEST-0594","Muzhappilangad Drive-in Beach","Muzhappilangad Drive-in Beach","Kerala","Kannur","Kannur","Beach","VERIFIED"
"DEST-0595","Thalassery","Thalassery","Kerala","Kannur","Kannur","Heritage","VERIFIED"
"DEST-0596","Theyyam Villages","Theyyam Villages","Kerala","Kannur","Kannur","Culture","VERIFIED"
"DEST-0597","Bekal","Bekal","Kerala","Kasaragod","Kasaragod","Beach/Fort","VERIFIED"
"DEST-0598","Bekal Fort","Bekal Fort","Kerala","Kasaragod","Kasaragod","Heritage","VERIFIED"
"DEST-0599","Kasargod","Kasargod","Kerala","Kasaragod","Kasaragod","Coastal","VERIFIED"
"DEST-0600","Jew Town","Jew Town","Kerala","Kochi","Kochi","Heritage","VERIFIED"
"DEST-0601","Mattancherry Palace","Mattancherry Palace","Kerala","Kochi","Kochi","Heritage","VERIFIED"
"DEST-0602","Kollam","Kollam","Kerala","Kollam","Kollam","Backwaters","VERIFIED"
"DEST-0603","Kumarakom","Kumarakom","Kerala","Kottayam","Kottayam","Backwaters","VERIFIED"
"DEST-0604","Kumarakom Bird Sanctuary","Kumarakom Bird Sanctuary","Kerala","Kottayam","Kottayam","Wildlife","VERIFIED"
"DEST-0605","Vembanad Lake","Vembanad Lake","Kerala","Kottayam/Alappuzha","Kottayam","Backwaters","VERIFIED"
"DEST-0606","Beypore","Beypore","Kerala","Kozhikode","Kozhikode","Coastal/Culture","VERIFIED"
"DEST-0607","Kadalundi","Kadalundi","Kerala","Kozhikode","Kozhikode","Wildlife","VERIFIED"
"DEST-0608","Kadalundi Bird Sanctuary","Kadalundi Bird Sanctuary","Kerala","Kozhikode","Kozhikode","Wildlife","VERIFIED"
"DEST-0609","Kappad Beach","Kappad Beach","Kerala","Kozhikode","Kozhikode","Beach","VERIFIED"
"DEST-0610","Kozhikode","Kozhikode","Kerala","Kozhikode","Kozhikode","Coastal","VERIFIED"
"DEST-0611","Vellarimala","Vellarimala","Kerala","Kozhikode","Kozhikode","Mountains","VERIFIED"
"DEST-0612","Malappuram","Malappuram","Kerala","Malappuram","Malappuram","Culture","VERIFIED"
"DEST-0613","Palakkad","Palakkad","Kerala","Palakkad","Palakkad","Heritage/Nature","VERIFIED"
"DEST-0614","Parambikulam Tiger Reserve","Parambikulam Tiger Reserve","Kerala","Palakkad","Palakkad","Wildlife","VERIFIED"
"DEST-0615","Silent Valley National Park","Silent Valley National Park","Kerala","Palakkad","Palakkad","Wildlife","VERIFIED"
"DEST-0616","Sabarimala","Sabarimala","Kerala","Pathanamthitta","Pathanamthitta","Spiritual","VERIFIED"
"DEST-0617","Kovalam","Kovalam","Kerala","Thiruvananthapuram","Thiruvananthapuram","Beach","VERIFIED"
"DEST-0618","Ponmudi","Ponmudi","Kerala","Thiruvananthapuram","Thiruvananthapuram","Hills","VERIFIED"
"DEST-0619","Poovar","Poovar","Kerala","Thiruvananthapuram","Thiruvananthapuram","Beach/Backwaters","VERIFIED"
"DEST-0620","Thiruvananthapuram","Thiruvananthapuram","Kerala","Thiruvananthapuram","Thiruvananthapuram","City","VERIFIED"
"DEST-0621","Varkala","Varkala","Kerala","Thiruvananthapuram","Thiruvananthapuram","Beach","VERIFIED"
"DEST-0622","Athirappilly Falls","Athirappilly Falls","Kerala","Thrissur","Thrissur","Waterfall","VERIFIED"
"DEST-0623","Guruvayur","Guruvayur","Kerala","Thrissur","Thrissur","Spiritual","VERIFIED"
"DEST-0624","Guruvayur Temple","Guruvayur Temple","Kerala","Thrissur","Thrissur","Spiritual","VERIFIED"
"DEST-0625","Thrissur","Thrissur","Kerala","Thrissur","Thrissur","Culture/Spiritual","VERIFIED"
"DEST-0626","Thrissur Vadakkunnathan Temple","Thrissur Vadakkunnathan Temple","Kerala","Thrissur","Thrissur","Spiritual","VERIFIED"
"DEST-0627","Vazhachal Falls","Vazhachal Falls","Kerala","Thrissur","Thrissur","Waterfall","VERIFIED"
"DEST-0628","Wayanad","Wayanad","Kerala","Wayanad","Wayanad","Hills/Nature","VERIFIED"
"DEST-0629","Wayanad Wildlife Sanctuary","Wayanad Wildlife Sanctuary","Kerala","Wayanad","Wayanad","Wildlife","VERIFIED"
"DEST-0630","Indian Astronomical Observatory","Indian Astronomical Observatory","Ladakh","Hanle","Hanle","Astronomy","VERIFIED"
"DEST-0631","Drass","Drass","Ladakh","Kargil","Kargil","Mountains","VERIFIED"
"DEST-0632","Kargil","Kargil","Ladakh","Kargil","Kargil","Mountains","VERIFIED"
"DEST-0633","Mulbekh","Mulbekh","Ladakh","Kargil","Kargil","Heritage","VERIFIED"
"DEST-0634","Nun-Kun Peaks","Nun-Kun Peaks","Ladakh","Kargil","Kargil","Mountains","VERIFIED"
"DEST-0635","Padum","Padum","Ladakh","Kargil","Kargil","Mountains","VERIFIED"
"DEST-0636","Suru Valley","Suru Valley","Ladakh","Kargil","Kargil","Mountains","VERIFIED"
"DEST-0637","Zanskar","Zanskar","Ladakh","Kargil","Kargil","Mountains","VERIFIED"
"DEST-0638","Zanskar Valley","Zanskar Valley","Ladakh","Kargil","Kargil","Mountains","VERIFIED"
"DEST-0639","Alchi","Alchi","Ladakh","Leh","Leh","Heritage","VERIFIED"
"DEST-0640","Alchi Monastery","Alchi Monastery","Ladakh","Leh","Leh","Heritage","VERIFIED"
"DEST-0641","Chang La","Chang La","Ladakh","Leh","Leh","Mountains","VERIFIED"
"DEST-0642","Chumathang","Chumathang","Ladakh","Leh","Leh","Hot Springs","VERIFIED"
"DEST-0643","Diskit","Diskit","Ladakh","Leh","Leh","Monastery","VERIFIED"
"DEST-0644","Hanle","Hanle","Ladakh","Leh","Leh","Astronomy","VERIFIED"
"DEST-0645","Hanle Observatory","Hanle Observatory","Ladakh","Leh","Leh","Astronomy","VERIFIED"
"DEST-0646","Hemis","Hemis","Ladakh","Leh","Leh","Monastery","VERIFIED"
"DEST-0647","Hemis Monastery","Hemis Monastery","Ladakh","Leh","Leh","Monastery","VERIFIED"
"DEST-0648","Khardung La","Khardung La","Ladakh","Leh","Leh","Mountains","VERIFIED"
"DEST-0649","Lamayuru","Lamayuru","Ladakh","Leh","Leh","Heritage/Nature","VERIFIED"
"DEST-0650","Leh","Leh","Ladakh","Leh","Leh","Mountains","VERIFIED"
"DEST-0651","Likir","Likir","Ladakh","Leh","Leh","Monastery","VERIFIED"
"DEST-0652","Magnetic Hill","Magnetic Hill","Ladakh","Leh","Leh","Nature","VERIFIED"
"DEST-0653","Markha Valley","Markha Valley","Ladakh","Leh","Leh","Trek/Nature","VERIFIED"
"DEST-0654","Nubra Valley","Nubra Valley","Ladakh","Leh","Leh","Mountains","VERIFIED"
"DEST-0655","Pangong Lake","Pangong Lake","Ladakh","Leh","Leh","Lake","VERIFIED"
"DEST-0656","Rumbak Valley","Rumbak Valley","Ladakh","Leh","Leh","Trek/Nature","VERIFIED"
"DEST-0657","Shey","Shey","Ladakh","Leh","Leh","Heritage","VERIFIED"
"DEST-0658","Shey Palace","Shey Palace","Ladakh","Leh","Leh","Heritage","VERIFIED"
"DEST-0659","Spituk","Spituk","Ladakh","Leh","Leh","Monastery","VERIFIED"
"DEST-0660","Spituk Monastery","Spituk Monastery","Ladakh","Leh","Leh","Monastery","VERIFIED"
"DEST-0661","Thiksey","Thiksey","Ladakh","Leh","Leh","Monastery","VERIFIED"
"DEST-0662","Thiksey Monastery","Thiksey Monastery","Ladakh","Leh","Leh","Monastery","VERIFIED"
"DEST-0663","Tso Kar","Tso Kar","Ladakh","Leh","Leh","Lake","VERIFIED"
"DEST-0664","Tso Moriri","Tso Moriri","Ladakh","Leh","Leh","Lake","VERIFIED"
"DEST-0665","Turtuk","Turtuk","Ladakh","Leh","Leh","Culture","VERIFIED"
"DEST-0666","Agatti","Agatti","Lakshadweep","Lakshadweep","Lakshadweep","Island/Beach","VERIFIED"
"DEST-0667","Bangaram","Bangaram","Lakshadweep","Lakshadweep","Lakshadweep","Island","VERIFIED"
"DEST-0668","Kadmat","Kadmat","Lakshadweep","Lakshadweep","Lakshadweep","Island","VERIFIED"
"DEST-0669","Kalpeni","Kalpeni","Lakshadweep","Lakshadweep","Lakshadweep","Island","VERIFIED"
"DEST-0670","Kavaratti","Kavaratti","Lakshadweep","Lakshadweep","Lakshadweep","Island","VERIFIED"
"DEST-0671","Kiltan","Kiltan","Lakshadweep","Lakshadweep","Lakshadweep","Island","VERIFIED"
"DEST-0672","Minicoy","Minicoy","Lakshadweep","Lakshadweep","Lakshadweep","Island","VERIFIED"
"DEST-0673","Thinnakara","Thinnakara","Lakshadweep","Lakshadweep","Lakshadweep","Island","VERIFIED"
"DEST-0674","Amarkantak","Amarkantak","Madhya Pradesh","Anuppur","Anuppur","Spiritual/Nature","VERIFIED"
"DEST-0675","Chanderi","Chanderi","Madhya Pradesh","Ashoknagar","Ashoknagar","Heritage","VERIFIED"
"DEST-0676","Bhind","Bhind","Madhya Pradesh","Bhind","Bhind","Heritage","VERIFIED"
"DEST-0677","Bhopal","Bhopal","Madhya Pradesh","Bhopal","Bhopal","City","VERIFIED"
"DEST-0678","Burhanpur","Burhanpur","Madhya Pradesh","Burhanpur","Burhanpur","Heritage","VERIFIED"
"DEST-0679","Khajuraho","Khajuraho","Madhya Pradesh","Chhatarpur","Chhatarpur","Heritage","VERIFIED"
"DEST-0680","Tamia","Tamia","Madhya Pradesh","Chhindwara","Chhindwara","Hills","VERIFIED"
"DEST-0681","Datia","Datia","Madhya Pradesh","Datia","Datia","Heritage","VERIFIED"
"DEST-0682","Sonagiri","Sonagiri","Madhya Pradesh","Datia","Datia","Jain/Spiritual","VERIFIED"
"DEST-0683","Mandu","Mandu","Madhya Pradesh","Dhar","Dhar","Heritage","VERIFIED"
"DEST-0684","Gwalior","Gwalior","Madhya Pradesh","Gwalior","Gwalior","Heritage","VERIFIED"
"DEST-0685","Indore","Indore","Madhya Pradesh","Indore","Indore","City/Food","VERIFIED"
"DEST-0686","Bhedaghat","Bhedaghat","Madhya Pradesh","Jabalpur","Jabalpur","Nature","VERIFIED"
"DEST-0687","Jabalpur","Jabalpur","Madhya Pradesh","Jabalpur","Jabalpur","Nature","VERIFIED"
"DEST-0688","Marble Rocks","Marble Rocks","Madhya Pradesh","Jabalpur","Jabalpur","Nature","VERIFIED"
"DEST-0689","Hanumantiya","Hanumantiya","Madhya Pradesh","Khandwa","Khandwa","Water Adventure","VERIFIED"
"DEST-0690","Omkareshwar","Omkareshwar","Madhya Pradesh","Khandwa","Khandwa","Spiritual","VERIFIED"
"DEST-0691","Maheshwar","Maheshwar","Madhya Pradesh","Khargone","Khargone","Heritage/Spiritual","VERIFIED"
"DEST-0692","Kanha National Park","Kanha National Park","Madhya Pradesh","Mandla","Mandla","Wildlife","VERIFIED"
"DEST-0693","Gandhi Sagar","Gandhi Sagar","Madhya Pradesh","Mandsaur","Mandsaur","Lake/Nature","VERIFIED"
"DEST-0694","Mandsaur","Mandsaur","Madhya Pradesh","Mandsaur","Mandsaur","Heritage","VERIFIED"
"DEST-0695","Chambal Safari","Chambal Safari","Madhya Pradesh","Morena","Morena","Wildlife","VERIFIED"
"DEST-0696","Morena","Morena","Madhya Pradesh","Morena","Morena","Heritage/Wildlife","VERIFIED"
"DEST-0697","National Chambal Sanctuary","National Chambal Sanctuary","Madhya Pradesh","Morena","Morena","Wildlife","VERIFIED"
"DEST-0698","Pachmarhi","Pachmarhi","Madhya Pradesh","Narmadapuram","Narmadapuram","Hills","VERIFIED"
"DEST-0699","Satpura National Park","Satpura National Park","Madhya Pradesh","Narmadapuram","Narmadapuram","Wildlife","VERIFIED"
"DEST-0700","Tawa Reservoir","Tawa Reservoir","Madhya Pradesh","Narmadapuram","Narmadapuram","Nature","VERIFIED"
"DEST-0701","Orchha","Orchha","Madhya Pradesh","Niwari","Niwari","Heritage","VERIFIED"
"DEST-0702","Orchha Wildlife Sanctuary","Orchha Wildlife Sanctuary","Madhya Pradesh","Niwari","Niwari","Wildlife","VERIFIED"
"DEST-0703","Ken Gharial Sanctuary","Ken Gharial Sanctuary","Madhya Pradesh","Panna","Panna","Wildlife","VERIFIED"
"DEST-0704","Panna National Park","Panna National Park","Madhya Pradesh","Panna","Panna","Wildlife","VERIFIED"
"DEST-0705","Bhimbetka","Bhimbetka","Madhya Pradesh","Raisen","Raisen","Archaeology","VERIFIED"
"DEST-0706","Bhojpur","Bhojpur","Madhya Pradesh","Raisen","Raisen","Heritage","VERIFIED"
"DEST-0707","Raisen","Raisen","Madhya Pradesh","Raisen","Raisen","Heritage","VERIFIED"
"DEST-0708","Sanchi","Sanchi","Madhya Pradesh","Raisen","Raisen","Buddhist/Heritage","VERIFIED"
"DEST-0709","Rewa","Rewa","Madhya Pradesh","Rewa","Rewa","Nature","VERIFIED"
"DEST-0710","Sagar","Sagar","Madhya Pradesh","Sagar","Sagar","Heritage","VERIFIED"
"DEST-0711","Maihar","Maihar","Madhya Pradesh","Satna","Satna","Spiritual","VERIFIED"
"DEST-0712","Pench National Park","Pench National Park","Madhya Pradesh","Seoni","Seoni","Wildlife","VERIFIED"
"DEST-0713","Kuno National Park","Kuno National Park","Madhya Pradesh","Sheopur","Sheopur","Wildlife","VERIFIED"
"DEST-0714","Shivpuri","Shivpuri","Madhya Pradesh","Shivpuri","Shivpuri","Nature","VERIFIED"
"DEST-0715","Ujjain","Ujjain","Madhya Pradesh","Ujjain","Ujjain","Spiritual","VERIFIED"
"DEST-0716","Bandhavgarh","Bandhavgarh","Madhya Pradesh","Umaria","Umaria","Wildlife","VERIFIED"
"DEST-0717","Bhandardara","Bhandardara","Maharashtra","Ahmednagar","Ahmednagar","Nature","VERIFIED"
"DEST-0718","Shirdi","Shirdi","Maharashtra","Ahmednagar","Ahmednagar","Spiritual","VERIFIED"
"DEST-0719","Amravati","Amravati","Maharashtra","Amravati","Amravati","City/Heritage","VERIFIED"
"DEST-0720","Lonar Lake","Lonar Lake","Maharashtra","Buldhana","Buldhana","Nature","VERIFIED"
"DEST-0721","Chandrapur","Chandrapur","Maharashtra","Chandrapur","Chandrapur","Wildlife","VERIFIED"
"DEST-0722","Tadoba","Tadoba","Maharashtra","Chandrapur","Chandrapur","Wildlife","VERIFIED"
"DEST-0723","Tadoba National Park","Tadoba National Park","Maharashtra","Chandrapur","Chandrapur","Wildlife","VERIFIED"
"DEST-0724","Tadoba-Andhari Tiger Reserve","Tadoba-Andhari Tiger Reserve","Maharashtra","Chandrapur","Chandrapur","Wildlife","VERIFIED"
"DEST-0725","Ajanta","Ajanta","Maharashtra","Chhatrapati Sambhajinagar","Chhatrapati Sambhajinagar","Heritage","VERIFIED"
"DEST-0726","Ajanta Caves","Ajanta Caves","Maharashtra","Chhatrapati Sambhajinagar","Chhatrapati Sambhajinagar","Heritage","VERIFIED"
"DEST-0727","Bibi Ka Maqbara","Bibi Ka Maqbara","Maharashtra","Chhatrapati Sambhajinagar","Chhatrapati Sambhajinagar","Heritage","VERIFIED"
"DEST-0728","Chhatrapati Sambhajinagar","Chhatrapati Sambhajinagar","Maharashtra","Chhatrapati Sambhajinagar","Chhatrapati Sambhajinagar","Heritage","VERIFIED"
"DEST-0729","Daulatabad Fort","Daulatabad Fort","Maharashtra","Chhatrapati Sambhajinagar","Chhatrapati Sambhajinagar","Heritage","VERIFIED"
"DEST-0730","Ellora","Ellora","Maharashtra","Chhatrapati Sambhajinagar","Chhatrapati Sambhajinagar","Heritage","VERIFIED"
"DEST-0731","Ellora Caves","Ellora Caves","Maharashtra","Chhatrapati Sambhajinagar","Chhatrapati Sambhajinagar","Heritage","VERIFIED"
"DEST-0732","Jalgaon","Jalgaon","Maharashtra","Jalgaon","Jalgaon","City/Heritage","VERIFIED"
"DEST-0733","Kolhapur","Kolhapur","Maharashtra","Kolhapur","Kolhapur","Heritage/Spiritual","VERIFIED"
"DEST-0734","Pench","Pench","Maharashtra","Madhya Pradesh","Madhya Pradesh","Wildlife","VERIFIED"
"DEST-0735","Elephanta Caves","Elephanta Caves","Maharashtra","Mumbai","Mumbai","Heritage","VERIFIED"
"DEST-0736","Kanheri Caves","Kanheri Caves","Maharashtra","Mumbai","Mumbai","Heritage","VERIFIED"
"DEST-0737","Mumbai","Mumbai","Maharashtra","Mumbai","Mumbai","City","VERIFIED"
"DEST-0738","Sanjay Gandhi National Park","Sanjay Gandhi National Park","Maharashtra","Mumbai","Mumbai","Wildlife","VERIFIED"
"DEST-0739","Nagpur","Nagpur","Maharashtra","Nagpur","Nagpur","City","VERIFIED"
"DEST-0740","Igatpuri","Igatpuri","Maharashtra","Nashik","Nashik","Hills","VERIFIED"
"DEST-0741","Mangi Tungi","Mangi Tungi","Maharashtra","Nashik","Nashik","Mountains/Spiritual","VERIFIED"
"DEST-0742","Nashik","Nashik","Maharashtra","Nashik","Nashik","Spiritual/Wine","VERIFIED"
"DEST-0743","Nashik Trimbakeshwar","Nashik Trimbakeshwar","Maharashtra","Nashik","Nashik","Spiritual","VERIFIED"
"DEST-0744","Trimbakeshwar","Trimbakeshwar","Maharashtra","Nashik","Nashik","Spiritual","VERIFIED"
"DEST-0745","Aga Khan Palace","Aga Khan Palace","Maharashtra","Pune","Pune","Heritage","VERIFIED"
"DEST-0746","Bhimashankar","Bhimashankar","Maharashtra","Pune","Pune","Spiritual/Wildlife","VERIFIED"
"DEST-0747","Kamshet","Kamshet","Maharashtra","Pune","Pune","Adventure","VERIFIED"
"DEST-0748","Khandala","Khandala","Maharashtra","Pune","Pune","Hills","VERIFIED"
"DEST-0749","Lavasa","Lavasa","Maharashtra","Pune","Pune","Hills","VERIFIED"
"DEST-0750","Lonavala","Lonavala","Maharashtra","Pune","Pune","Hills","VERIFIED"
"DEST-0751","Malshej Ghat","Malshej Ghat","Maharashtra","Pune","Pune","Hills","VERIFIED"
"DEST-0752","Pune","Pune","Maharashtra","Pune","Pune","City/Heritage","VERIFIED"
"DEST-0753","Shaniwar Wada","Shaniwar Wada","Maharashtra","Pune","Pune","Heritage","VERIFIED"
"DEST-0754","Sinhagad Fort","Sinhagad Fort","Maharashtra","Pune","Pune","Fort","VERIFIED"
"DEST-0755","Torna Fort","Torna Fort","Maharashtra","Pune","Pune","Fort","VERIFIED"
"DEST-0756","Tamhini Ghat","Tamhini Ghat","Maharashtra","Pune/Raigad","Pune","Nature","VERIFIED"
"DEST-0757","Alibaug","Alibaug","Maharashtra","Raigad","Raigad","Beach","VERIFIED"
"DEST-0758","Diveagar","Diveagar","Maharashtra","Raigad","Raigad","Beach","VERIFIED"
"DEST-0759","Harihareshwar","Harihareshwar","Maharashtra","Raigad","Raigad","Beach/Spiritual","VERIFIED"
"DEST-0760","Karnala Bird Sanctuary","Karnala Bird Sanctuary","Maharashtra","Raigad","Raigad","Wildlife","VERIFIED"
"DEST-0761","Matheran","Matheran","Maharashtra","Raigad","Raigad","Hills","VERIFIED"
"DEST-0762","Murud","Murud","Maharashtra","Raigad","Raigad","Beach","VERIFIED"
"DEST-0763","Murud-Janjira Fort","Murud-Janjira Fort","Maharashtra","Raigad","Raigad","Heritage","VERIFIED"
"DEST-0764","Raigad Fort","Raigad Fort","Maharashtra","Raigad","Raigad","Fort","VERIFIED"
"DEST-0765","Shrivardhan","Shrivardhan","Maharashtra","Raigad","Raigad","Beach","VERIFIED"
"DEST-0766","Ganpatipule","Ganpatipule","Maharashtra","Ratnagiri","Ratnagiri","Beach/Spiritual","VERIFIED"
"DEST-0767","Ratnagiri","Ratnagiri","Maharashtra","Ratnagiri","Ratnagiri","Coastal","VERIFIED"
"DEST-0768","Chandoli National Park","Chandoli National Park","Maharashtra","Sangli/Satara","Sangli","Wildlife","VERIFIED"
"DEST-0769","Kaas Plateau","Kaas Plateau","Maharashtra","Satara","Satara","Nature","VERIFIED"
"DEST-0770","Mahabaleshwar","Mahabaleshwar","Maharashtra","Satara","Satara","Hills","VERIFIED"
"DEST-0771","Panchgani","Panchgani","Maharashtra","Satara","Satara","Hills","VERIFIED"
"DEST-0772","Pratapgad Fort","Pratapgad Fort","Maharashtra","Satara","Satara","Fort","VERIFIED"
"DEST-0773","Thoseghar Falls","Thoseghar Falls","Maharashtra","Satara","Satara","Waterfall","VERIFIED"
"DEST-0774","Amboli","Amboli","Maharashtra","Sindhudurg","Sindhudurg","Hills","VERIFIED"
"DEST-0775","Chivla Beach","Chivla Beach","Maharashtra","Sindhudurg","Sindhudurg","Beach","VERIFIED"
"DEST-0776","Devbag","Devbag","Maharashtra","Sindhudurg","Sindhudurg","Beach","VERIFIED"
"DEST-0777","Malvan","Malvan","Maharashtra","Sindhudurg","Sindhudurg","Beach","VERIFIED"
"DEST-0778","Sindhudurg Fort","Sindhudurg Fort","Maharashtra","Sindhudurg","Sindhudurg","Heritage","VERIFIED"
"DEST-0779","Tarkarli","Tarkarli","Maharashtra","Sindhudurg","Sindhudurg","Beach","VERIFIED"
"DEST-0780","Wardha","Wardha","Maharashtra","Wardha","Wardha","Heritage","VERIFIED"
"DEST-0781","Keibul Lamjao National Park","Keibul Lamjao National Park","Manipur","Bishnupur","Bishnupur","Wildlife","VERIFIED"
"DEST-0782","Loktak Lake","Loktak Lake","Manipur","Bishnupur","Bishnupur","Nature","VERIFIED"
"DEST-0783","Sendra","Sendra","Manipur","Bishnupur","Bishnupur","Lake View","VERIFIED"
"DEST-0784","Ima Keithel","Ima Keithel","Manipur","Imphal","Imphal","Market/Culture","VERIFIED"
"DEST-0785","Kangla Fort","Kangla Fort","Manipur","Imphal","Imphal","Heritage","VERIFIED"
"DEST-0786","Andro","Andro","Manipur","Imphal East","Imphal East","Culture","VERIFIED"
"DEST-0787","Imphal","Imphal","Manipur","Imphal West","Imphal West","City","VERIFIED"
"DEST-0788","Moreh","Moreh","Manipur","Tengnoupal","Tengnoupal","Border/Culture","VERIFIED"
"DEST-0789","Shirui Hills","Shirui Hills","Manipur","Ukhrul","Ukhrul","Nature","VERIFIED"
"DEST-0790","Ukhrul","Ukhrul","Manipur","Ukhrul","Ukhrul","Hills","VERIFIED"
"DEST-0791","Laitlum","Laitlum","Meghalaya","East Khasi Hills","East Khasi Hills","Nature","VERIFIED"
"DEST-0792","Laitlum Canyon","Laitlum Canyon","Meghalaya","East Khasi Hills","East Khasi Hills","Nature","VERIFIED"
"DEST-0793","Mawkyrduk Monolith","Mawkyrduk Monolith","Meghalaya","East Khasi Hills","East Khasi Hills","Heritage","VERIFIED"
"DEST-0794","Mawlynnong","Mawlynnong","Meghalaya","East Khasi Hills","East Khasi Hills","Village/Nature","VERIFIED"
"DEST-0795","Mawphlang","Mawphlang","Meghalaya","East Khasi Hills","East Khasi Hills","Forest","VERIFIED"
"DEST-0796","Mawphlang Sacred Forest","Mawphlang Sacred Forest","Meghalaya","East Khasi Hills","East Khasi Hills","Nature","VERIFIED"
"DEST-0797","Mawsynram","Mawsynram","Meghalaya","East Khasi Hills","East Khasi Hills","Nature","VERIFIED"
"DEST-0798","Nongriat","Nongriat","Meghalaya","East Khasi Hills","East Khasi Hills","Trekking/Nature","VERIFIED"
"DEST-0799","Od-Ringai Falls","Od-Ringai Falls","Meghalaya","East Khasi Hills","East Khasi Hills","Waterfall","VERIFIED"
"DEST-0800","Riwai Root Bridge","Riwai Root Bridge","Meghalaya","East Khasi Hills","East Khasi Hills","Nature","VERIFIED"
"DEST-0801","Shillong","Shillong","Meghalaya","East Khasi Hills","East Khasi Hills","Hills","VERIFIED"
"DEST-0802","Sohra/Cherrapunji","Sohra","Meghalaya","East Khasi Hills","East Khasi Hills","Nature","VERIFIED"
"DEST-0803","Weisawdong Falls","Weisawdong Falls","Meghalaya","East Khasi Hills","East Khasi Hills","Waterfall","VERIFIED"
"DEST-0804","Nokrek National Park","Nokrek National Park","Meghalaya","Garo Hills","Garo Hills","Wildlife","VERIFIED"
"DEST-0805","Nongpoh","Nongpoh","Meghalaya","Ri-Bhoi","Ri-Bhoi","Nature","VERIFIED"
"DEST-0806","Don Bosco Museum","Don Bosco Museum","Meghalaya","Shillong","Shillong","Museum","VERIFIED"
"DEST-0807","Elephant Falls","Elephant Falls","Meghalaya","Shillong","Shillong","Waterfall","VERIFIED"
"DEST-0808","Shillong Golf Course","Shillong Golf Course","Meghalaya","Shillong","Shillong","Recreation","VERIFIED"
"DEST-0809","Shillong Peak","Shillong Peak","Meghalaya","Shillong","Shillong","Viewpoint","VERIFIED"
"DEST-0810","Ward's Lake","Ward's Lake","Meghalaya","Shillong","Shillong","Lake","VERIFIED"
"DEST-0811","Arwah Cave","Arwah Cave","Meghalaya","Sohra","Sohra","Cave","VERIFIED"
"DEST-0812","Mawsmai Cave","Mawsmai Cave","Meghalaya","Sohra","Sohra","Cave","VERIFIED"
"DEST-0813","Nohkalikai Falls","Nohkalikai Falls","Meghalaya","Sohra","Sohra","Waterfall","VERIFIED"
"DEST-0814","Seven Sisters Falls","Seven Sisters Falls","Meghalaya","Sohra","Sohra","Waterfall","VERIFIED"
"DEST-0815","Nokrek","Nokrek","Meghalaya","West Garo Hills","West Garo Hills","Wildlife","VERIFIED"
"DEST-0816","Tura","Tura","Meghalaya","West Garo Hills","West Garo Hills","Hills","VERIFIED"
"DEST-0817","Dawki","Dawki","Meghalaya","West Jaintia Hills","West Jaintia Hills","River","VERIFIED"
"DEST-0818","Jowai","Jowai","Meghalaya","West Jaintia Hills","West Jaintia Hills","Nature","VERIFIED"
"DEST-0819","Nartiang Monoliths","Nartiang Monoliths","Meghalaya","West Jaintia Hills","West Jaintia Hills","Heritage","VERIFIED"
"DEST-0820","Shnongpdeng","Shnongpdeng","Meghalaya","West Jaintia Hills","West Jaintia Hills","River","VERIFIED"
"DEST-0821","Aizawl","Aizawl","Mizoram","Aizawl","Aizawl","City/Hills","VERIFIED"
"DEST-0822","Hmuifang","Hmuifang","Mizoram","Aizawl","Aizawl","Hills","VERIFIED"
"DEST-0823","Reiek","Reiek","Mizoram","Aizawl","Aizawl","Hills","VERIFIED"
"DEST-0824","Champhai","Champhai","Mizoram","Champhai","Champhai","Hills","VERIFIED"
"DEST-0825","Murlen National Park","Murlen National Park","Mizoram","Champhai","Champhai","Wildlife","VERIFIED"
"DEST-0826","Phawngpui National Park","Phawngpui National Park","Mizoram","Lawngtlai","Lawngtlai","Wildlife","VERIFIED"
"DEST-0827","Lunglei","Lunglei","Mizoram","Lunglei","Lunglei","Hills","VERIFIED"
"DEST-0828","Mura Puk","Mura Puk","Mizoram","Saiha","Saiha","Cave","VERIFIED"
"DEST-0829","Lianchhiari Lunglen Tlang","Lianchhiari Lunglen Tlang","Mizoram","Serchhip","Serchhip","Viewpoint","VERIFIED"
"DEST-0830","Serchhip","Serchhip","Mizoram","Serchhip","Serchhip","Hills","VERIFIED"
"DEST-0831","Thenzawl","Thenzawl","Mizoram","Serchhip","Serchhip","Nature","VERIFIED"
"DEST-0832","Vantawng Falls","Vantawng Falls","Mizoram","Serchhip","Serchhip","Waterfall","VERIFIED"
"DEST-0833","Dimapur","Dimapur","Nagaland","Dimapur","Dimapur","Heritage","VERIFIED"
"DEST-0834","Dzukou Valley","Dzukou Valley","Nagaland","Kohima","Kohima","Nature","VERIFIED"
"DEST-0835","Dzuleke","Dzuleke","Nagaland","Kohima","Kohima","Nature","VERIFIED"
"DEST-0836","Khonoma","Khonoma","Nagaland","Kohima","Kohima","Village","VERIFIED"
"DEST-0837","Kisama Heritage Village","Kisama Heritage Village","Nagaland","Kohima","Kohima","Culture","VERIFIED"
"DEST-0838","Kohima","Kohima","Nagaland","Kohima","Kohima","Hills/Culture","VERIFIED"
"DEST-0839","Nagaland State Museum","Nagaland State Museum","Nagaland","Kohima","Kohima","Museum","VERIFIED"
"DEST-0840","Tuophema","Tuophema","Nagaland","Kohima","Kohima","Culture","VERIFIED"
"DEST-0841","Mokokchung","Mokokchung","Nagaland","Mokokchung","Mokokchung","Culture","VERIFIED"
"DEST-0842","Longwa","Longwa","Nagaland","Mon","Mon","Culture","VERIFIED"
"DEST-0843","Mon","Mon","Nagaland","Mon","Mon","Culture","VERIFIED"
"DEST-0844","Wokha","Wokha","Nagaland","Wokha","Wokha","Hills","VERIFIED"
"DEST-0845","Satkosia","Satkosia","Odisha","Angul/Nayagarh","Angul","Wildlife","VERIFIED"
"DEST-0846","Chandipur","Chandipur","Odisha","Balasore","Balasore","Beach","VERIFIED"
"DEST-0847","Cuttack","Cuttack","Odisha","Cuttack","Cuttack","Heritage","VERIFIED"
"DEST-0848","Gopalpur","Gopalpur","Odisha","Ganjam","Ganjam","Beach","VERIFIED"
"DEST-0849","Taptapani","Taptapani","Odisha","Ganjam","Ganjam","Nature","VERIFIED"
"DEST-0850","Daringbadi","Daringbadi","Odisha","Kandhamal","Kandhamal","Hills","VERIFIED"
"DEST-0851","Bhitarkanika","Bhitarkanika","Odisha","Kendrapara","Kendrapara","Wildlife","VERIFIED"
"DEST-0852","Bhitarkanika National Park","Bhitarkanika National Park","Odisha","Kendrapara","Kendrapara","Wildlife","VERIFIED"
"DEST-0853","Bhubaneswar","Bhubaneswar","Odisha","Khordha","Khordha","City/Heritage","VERIFIED"
"DEST-0854","Dhauli","Dhauli","Odisha","Khordha","Khordha","Buddhist/Heritage","VERIFIED"
"DEST-0855","Khandagiri Caves","Khandagiri Caves","Odisha","Khordha","Khordha","Heritage","VERIFIED"
"DEST-0856","Udayagiri & Khandagiri","Udayagiri & Khandagiri","Odisha","Khordha","Khordha","Heritage","VERIFIED"
"DEST-0857","Udayagiri Caves","Udayagiri Caves","Odisha","Khordha","Khordha","Heritage","VERIFIED"
"DEST-0858","Deomali","Deomali","Odisha","Koraput","Koraput","Mountains","VERIFIED"
"DEST-0859","Jeypore","Jeypore","Odisha","Koraput","Koraput","Hills","VERIFIED"
"DEST-0860","Koraput","Koraput","Odisha","Koraput","Koraput","Hills","VERIFIED"
"DEST-0861","Baripada","Baripada","Odisha","Mayurbhanj","Mayurbhanj","Nature","VERIFIED"
"DEST-0862","Similipal","Similipal","Odisha","Mayurbhanj","Mayurbhanj","Wildlife","VERIFIED"
"DEST-0863","Similipal National Park","Similipal National Park","Odisha","Mayurbhanj","Mayurbhanj","Wildlife","VERIFIED"
"DEST-0864","Konark","Konark","Odisha","Puri","Puri","Heritage","VERIFIED"
"DEST-0865","Puri","Puri","Odisha","Puri","Puri","Beach/Spiritual","VERIFIED"
"DEST-0866","Raghurajpur","Raghurajpur","Odisha","Puri","Puri","Culture","VERIFIED"
"DEST-0867","Chilika Lake","Chilika Lake","Odisha","Puri/Khordha/Ganjam","Puri","Nature","VERIFIED"
"DEST-0868","Hirakud","Hirakud","Odisha","Sambalpur","Sambalpur","Dam/Nature","VERIFIED"
"DEST-0869","Hirakud Dam","Hirakud Dam","Odisha","Sambalpur","Sambalpur","Nature","VERIFIED"
"DEST-0870","Sambalpur","Sambalpur","Odisha","Sambalpur","Sambalpur","Heritage","VERIFIED"
"DEST-0871","Karaikal","Karaikal","Puducherry","Karaikal","Karaikal","Coastal","VERIFIED"
"DEST-0872","Chunnambar Boat House","Chunnambar Boat House","Puducherry","Puducherry","Puducherry","Nature","VERIFIED"
"DEST-0873","French Quarter","French Quarter","Puducherry","Puducherry","Puducherry","Heritage","VERIFIED"
"DEST-0874","Manakula Vinayagar Temple","Manakula Vinayagar Temple","Puducherry","Puducherry","Puducherry","Spiritual","VERIFIED"
"DEST-0875","Paradise Beach","Paradise Beach","Puducherry","Puducherry","Puducherry","Beach","VERIFIED"
"DEST-0876","Pondicherry Museum","Pondicherry Museum","Puducherry","Puducherry","Puducherry","Museum","VERIFIED"
"DEST-0877","Promenade Beach","Promenade Beach","Puducherry","Puducherry","Puducherry","Beach","VERIFIED"
"DEST-0878","Puducherry","Puducherry","Puducherry","Puducherry","Puducherry","Coastal/Heritage","VERIFIED"
"DEST-0879","Sri Aurobindo Ashram","Sri Aurobindo Ashram","Puducherry","Puducherry","Puducherry","Spiritual","VERIFIED"
"DEST-0880","Veerampattinam Beach","Veerampattinam Beach","Puducherry","Puducherry","Puducherry","Beach","VERIFIED"
"DEST-0881","Mahe","Mahe","Puducherry","Puducherry UT","Puducherry UT","Coastal","VERIFIED"
"DEST-0882","Yanam","Yanam","Puducherry","Puducherry UT","Puducherry UT","Coastal","VERIFIED"
"DEST-0883","Auroville","Auroville","Puducherry","Villupuram/Puducherry","Villupuram","Culture","VERIFIED"
"DEST-0884","Amritsar","Amritsar","Punjab","Amritsar","Amritsar","Heritage/Spiritual","VERIFIED"
"DEST-0885","Gobindgarh Fort","Gobindgarh Fort","Punjab","Amritsar","Amritsar","Heritage","VERIFIED"
"DEST-0886","Golden Temple","Golden Temple","Punjab","Amritsar","Amritsar","Spiritual","VERIFIED"
"DEST-0887","Jallianwala Bagh","Jallianwala Bagh","Punjab","Amritsar","Amritsar","Heritage","VERIFIED"
"DEST-0888","Partition Museum","Partition Museum","Punjab","Amritsar","Amritsar","Museum","VERIFIED"
"DEST-0889","Sadda Pind","Sadda Pind","Punjab","Amritsar","Amritsar","Culture","VERIFIED"
"DEST-0890","Wagah-Attari Border","Wagah-Attari Border","Punjab","Amritsar","Amritsar","Border","VERIFIED"
"DEST-0891","Bathinda","Bathinda","Punjab","Bathinda","Bathinda","Heritage","VERIFIED"
"DEST-0892","Damdama Sahib","Damdama Sahib","Punjab","Bathinda","Bathinda","Spiritual","VERIFIED"
"DEST-0893","Faridkot","Faridkot","Punjab","Faridkot","Faridkot","Heritage","VERIFIED"
"DEST-0894","Fatehgarh Sahib","Fatehgarh Sahib","Punjab","Fatehgarh Sahib","Fatehgarh Sahib","Spiritual","VERIFIED"
"DEST-0895","Hussainiwala","Hussainiwala","Punjab","Firozpur","Firozpur","Heritage","VERIFIED"
"DEST-0896","Dera Baba Nanak","Dera Baba Nanak","Punjab","Gurdaspur","Gurdaspur","Spiritual","VERIFIED"
"DEST-0897","Kartarpur","Kartarpur","Punjab","Gurdaspur","Gurdaspur","Spiritual","VERIFIED"
"DEST-0898","Jalandhar","Jalandhar","Punjab","Jalandhar","Jalandhar","City","VERIFIED"
"DEST-0899","Kanjli Wetland","Kanjli Wetland","Punjab","Kapurthala","Kapurthala","Wildlife","VERIFIED"
"DEST-0900","Kapurthala","Kapurthala","Punjab","Kapurthala","Kapurthala","Heritage","VERIFIED"
"DEST-0901","Sultanpur Lodhi","Sultanpur Lodhi","Punjab","Kapurthala","Kapurthala","Spiritual","VERIFIED"
"DEST-0902","Jang-e-Azadi Memorial","Jang-e-Azadi Memorial","Punjab","Kartarpur","Kartarpur","Heritage","VERIFIED"
"DEST-0903","Ludhiana","Ludhiana","Punjab","Ludhiana","Ludhiana","City","VERIFIED"
"DEST-0904","Pathankot","Pathankot","Punjab","Pathankot","Pathankot","Nature","VERIFIED"
"DEST-0905","Patiala","Patiala","Punjab","Patiala","Patiala","Heritage","VERIFIED"
"DEST-0906","Anandpur Sahib","Anandpur Sahib","Punjab","Rupnagar","Rupnagar","Spiritual","VERIFIED"
"DEST-0907","Rupnagar","Rupnagar","Punjab","Rupnagar","Rupnagar","Heritage","VERIFIED"
"DEST-0908","Goindwal Sahib","Goindwal Sahib","Punjab","Tarn Taran","Tarn Taran","Spiritual","VERIFIED"
"DEST-0909","Harike Wetland","Harike Wetland","Punjab","Tarn Taran","Tarn Taran","Wildlife","VERIFIED"
"DEST-0910","Ajmer","Ajmer","Rajasthan","Ajmer","Ajmer","Spiritual","VERIFIED"
"DEST-0911","Pushkar","Pushkar","Rajasthan","Ajmer","Ajmer","Spiritual","VERIFIED"
"DEST-0912","Alwar","Alwar","Rajasthan","Alwar","Alwar","Heritage","VERIFIED"
"DEST-0913","Bhangarh","Bhangarh","Rajasthan","Alwar","Alwar","Heritage","VERIFIED"
"DEST-0914","Neemrana","Neemrana","Rajasthan","Alwar","Alwar","Heritage","VERIFIED"
"DEST-0915","Sariska","Sariska","Rajasthan","Alwar","Alwar","Wildlife","VERIFIED"
"DEST-0916","Barmer","Barmer","Rajasthan","Barmer","Barmer","Desert/Culture","VERIFIED"
"DEST-0917","Bharatpur","Bharatpur","Rajasthan","Bharatpur","Bharatpur","Wildlife","VERIFIED"
"DEST-0918","Deeg","Deeg","Rajasthan","Bharatpur","Bharatpur","Heritage","VERIFIED"
"DEST-0919","Deeg Palace","Deeg Palace","Rajasthan","Bharatpur","Bharatpur","Heritage","VERIFIED"
"DEST-0920","Keoladeo National Park","Keoladeo National Park","Rajasthan","Bharatpur","Bharatpur","Wildlife","VERIFIED"
"DEST-0921","Bikaner","Bikaner","Rajasthan","Bikaner","Bikaner","Heritage/Desert","VERIFIED"
"DEST-0922","Bundi","Bundi","Rajasthan","Bundi","Bundi","Heritage","VERIFIED"
"DEST-0923","Chittorgarh","Chittorgarh","Rajasthan","Chittorgarh","Chittorgarh","Heritage","VERIFIED"
"DEST-0924","Salasar Balaji","Salasar Balaji","Rajasthan","Churu","Churu","Spiritual","VERIFIED"
"DEST-0925","Tal Chhapar","Tal Chhapar","Rajasthan","Churu","Churu","Wildlife","VERIFIED"
"DEST-0926","Tal Chhapar Sanctuary","Tal Chhapar Sanctuary","Rajasthan","Churu","Churu","Wildlife","VERIFIED"
"DEST-0927","Abhaneri","Abhaneri","Rajasthan","Dausa","Dausa","Heritage","VERIFIED"
"DEST-0928","Dausa","Dausa","Rajasthan","Dausa","Dausa","Heritage","VERIFIED"
"DEST-0929","Dholpur","Dholpur","Rajasthan","Dholpur","Dholpur","Heritage","VERIFIED"
"DEST-0930","Jaipur","Jaipur","Rajasthan","Jaipur","Jaipur","Heritage","VERIFIED"
"DEST-0931","Sambhar Lake","Sambhar Lake","Rajasthan","Jaipur/Nagaur","Jaipur","Lake","VERIFIED"
"DEST-0932","Desert National Park","Desert National Park","Rajasthan","Jaisalmer","Jaisalmer","Wildlife","VERIFIED"
"DEST-0933","Jaisalmer","Jaisalmer","Rajasthan","Jaisalmer","Jaisalmer","Desert","VERIFIED"
"DEST-0934","Ramdevra","Ramdevra","Rajasthan","Jaisalmer","Jaisalmer","Spiritual","VERIFIED"
"DEST-0935","Mandawa","Mandawa","Rajasthan","Jhunjhunu","Jhunjhunu","Heritage","VERIFIED"
"DEST-0936","Nawalgarh","Nawalgarh","Rajasthan","Jhunjhunu","Jhunjhunu","Heritage","VERIFIED"
"DEST-0937","Shekhawati","Shekhawati","Rajasthan","Jhunjhunu/Sikar","Jhunjhunu","Heritage","VERIFIED"
"DEST-0938","Jodhpur","Jodhpur","Rajasthan","Jodhpur","Jodhpur","Heritage","VERIFIED"
"DEST-0939","Osian","Osian","Rajasthan","Jodhpur","Jodhpur","Heritage","VERIFIED"
"DEST-0940","Karauli","Karauli","Rajasthan","Karauli","Karauli","Heritage/Spiritual","VERIFIED"
"DEST-0941","Kota","Kota","Rajasthan","Kota","Kota","City","VERIFIED"
"DEST-0942","Khimsar","Khimsar","Rajasthan","Nagaur","Nagaur","Heritage","VERIFIED"
"DEST-0943","Nagaur","Nagaur","Rajasthan","Nagaur","Nagaur","Heritage","VERIFIED"
"DEST-0944","Jawai","Jawai","Rajasthan","Pali","Pali","Wildlife","VERIFIED"
"DEST-0945","Ranakpur","Ranakpur","Rajasthan","Pali","Pali","Spiritual/Heritage","VERIFIED"
"DEST-0946","Kumbhalgarh","Kumbhalgarh","Rajasthan","Rajsamand","Rajsamand","Fort","VERIFIED"
"DEST-0947","Ranthambore","Ranthambore","Rajasthan","Sawai Madhopur","Sawai Madhopur","Wildlife","VERIFIED"
"DEST-0948","Sikar","Sikar","Rajasthan","Sikar","Sikar","Heritage","VERIFIED"
"DEST-0949","Mount Abu","Mount Abu","Rajasthan","Sirohi","Sirohi","Hills","VERIFIED"
"DEST-0950","Udaipur","Udaipur","Rajasthan","Udaipur","Udaipur","Lakes/Heritage","VERIFIED"
"DEST-0951","Nathula Pass","Nathula Pass","Sikkim","East Sikkim","East Sikkim","Mountains","VERIFIED"
"DEST-0952","Tsomgo Lake","Tsomgo Lake","Sikkim","East Sikkim","East Sikkim","Lake","VERIFIED"
"DEST-0953","Banjhakri Falls","Banjhakri Falls","Sikkim","Gangtok","Gangtok","Waterfall","VERIFIED"
"DEST-0954","Gangtok","Gangtok","Sikkim","Gangtok","Gangtok","Hills","VERIFIED"
"DEST-0955","Hanuman Tok","Hanuman Tok","Sikkim","Gangtok","Gangtok","Viewpoint","VERIFIED"
"DEST-0956","Rumtek Monastery","Rumtek Monastery","Sikkim","Gangtok","Gangtok","Spiritual","VERIFIED"
"DEST-0957","Tashi View Point","Tashi View Point","Sikkim","Gangtok","Gangtok","Viewpoint","VERIFIED"
"DEST-0958","Khangchendzonga National Park","Khangchendzonga National Park","Sikkim","Gyalshing","Gyalshing","Wildlife","VERIFIED"
"DEST-0959","Khecheopalri Lake","Khecheopalri Lake","Sikkim","Gyalshing","Gyalshing","Lake","VERIFIED"
"DEST-0960","Pelling","Pelling","Sikkim","Gyalshing","Gyalshing","Hills","VERIFIED"
"DEST-0961","Tashiding Monastery","Tashiding Monastery","Sikkim","Gyalshing","Gyalshing","Spiritual","VERIFIED"
"DEST-0962","Yuksom","Yuksom","Sikkim","Gyalshing","Gyalshing","Heritage","VERIFIED"
"DEST-0963","Lachen","Lachen","Sikkim","Mangan","Mangan","Mountains","VERIFIED"
"DEST-0964","Lachung","Lachung","Sikkim","Mangan","Mangan","Mountains","VERIFIED"
"DEST-0965","Namchi","Namchi","Sikkim","Namchi","Namchi","Hills","VERIFIED"
"DEST-0966","Ravangla","Ravangla","Sikkim","Namchi","Namchi","Hills","VERIFIED"
"DEST-0967","Temi Tea Garden","Temi Tea Garden","Sikkim","Namchi","Namchi","Tea","VERIFIED"
"DEST-0968","Gurudongmar Lake","Gurudongmar Lake","Sikkim","North Sikkim","North Sikkim","Mountains","VERIFIED"
"DEST-0969","Yumthang Valley","Yumthang Valley","Sikkim","North Sikkim","North Sikkim","Nature","VERIFIED"
"DEST-0970","Aritar","Aritar","Sikkim","Pakyong","Pakyong","Nature","VERIFIED"
"DEST-0971","Zuluk","Zuluk","Sikkim","Pakyong","Pakyong","Mountains","VERIFIED"
"DEST-0972","Gangaikonda Cholapuram","Gangaikonda Cholapuram","Tamil Nadu","Ariyalur","Ariyalur","Heritage","VERIFIED"
"DEST-0973","Mahabalipuram","Mahabalipuram","Tamil Nadu","Chengalpattu","Chengalpattu","Heritage/Beach","VERIFIED"
"DEST-0974","Chennai","Chennai","Tamil Nadu","Chennai","Chennai","City","VERIFIED"
"DEST-0975","Coimbatore","Coimbatore","Tamil Nadu","Coimbatore","Coimbatore","City","VERIFIED"
"DEST-0976","Valparai","Valparai","Tamil Nadu","Coimbatore","Coimbatore","Hills","VERIFIED"
"DEST-0977","Chidambaram","Chidambaram","Tamil Nadu","Cuddalore","Cuddalore","Spiritual","VERIFIED"
"DEST-0978","Hogenakkal Falls","Hogenakkal Falls","Tamil Nadu","Dharmapuri","Dharmapuri","Waterfall","VERIFIED"
"DEST-0979","Theerthamalai","Theerthamalai","Tamil Nadu","Dharmapuri","Dharmapuri","Spiritual","VERIFIED"
"DEST-0980","Kodaikanal","Kodaikanal","Tamil Nadu","Dindigul","Dindigul","Hills","VERIFIED"
"DEST-0981","Pine Forest","Pine Forest","Tamil Nadu","Dindigul","Dindigul","Nature","VERIFIED"
"DEST-0982","Kanchipuram","Kanchipuram","Tamil Nadu","Kanchipuram","Kanchipuram","Spiritual/Heritage","VERIFIED"
"DEST-0983","Kanyakumari","Kanyakumari","Tamil Nadu","Kanniyakumari","Kanniyakumari","Coastal","VERIFIED"
"DEST-0984","Karaikal","Karaikal","Tamil Nadu","Karaikal","Karaikal","Coastal","VERIFIED"
"DEST-0985","Thirunallar","Thirunallar","Tamil Nadu","Karaikal","Karaikal","Spiritual","VERIFIED"
"DEST-0986","Madurai","Madurai","Tamil Nadu","Madurai","Madurai","Heritage/Spiritual","VERIFIED"
"DEST-0987","Coonoor","Coonoor","Tamil Nadu","Nilgiris","Nilgiris","Hills","VERIFIED"
"DEST-0988","Doddabetta Peak","Doddabetta Peak","Tamil Nadu","Nilgiris","Nilgiris","Mountains","VERIFIED"
"DEST-0989","Gudalur","Gudalur","Tamil Nadu","Nilgiris","Nilgiris","Hills","VERIFIED"
"DEST-0990","Kotagiri","Kotagiri","Tamil Nadu","Nilgiris","Nilgiris","Hills","VERIFIED"
"DEST-0991","Mudumalai","Mudumalai","Tamil Nadu","Nilgiris","Nilgiris","Wildlife","VERIFIED"
"DEST-0992","Mudumalai National Park","Mudumalai National Park","Tamil Nadu","Nilgiris","Nilgiris","Wildlife","VERIFIED"
"DEST-0993","Mukurthi National Park","Mukurthi National Park","Tamil Nadu","Nilgiris","Nilgiris","Wildlife","VERIFIED"
"DEST-0994","Ooty","Ooty","Tamil Nadu","Nilgiris","Nilgiris","Hills","VERIFIED"
"DEST-0995","Pykara Falls","Pykara Falls","Tamil Nadu","Nilgiris","Nilgiris","Waterfall","VERIFIED"
"DEST-0996","Pykara Lake","Pykara Lake","Tamil Nadu","Nilgiris","Nilgiris","Lake","VERIFIED"
"DEST-0997","Dhanushkodi","Dhanushkodi","Tamil Nadu","Ramanathapuram","Ramanathapuram","Coastal","VERIFIED"
"DEST-0998","Rameswaram","Rameswaram","Tamil Nadu","Ramanathapuram","Ramanathapuram","Spiritual","VERIFIED"
"DEST-0999","Salem","Salem","Tamil Nadu","Salem","Salem","City","VERIFIED"
"DEST-1000","Yercaud","Yercaud","Tamil Nadu","Salem","Salem","Hills","VERIFIED"
"DEST-1001","Chettinad","Chettinad","Tamil Nadu","Sivaganga","Sivaganga","Heritage/Food","VERIFIED"
"DEST-1002","Kutralam","Kutralam","Tamil Nadu","Tenkasi","Tenkasi","Waterfall","VERIFIED"
"DEST-1003","Kumbakonam","Kumbakonam","Tamil Nadu","Thanjavur","Thanjavur","Spiritual","VERIFIED"
"DEST-1004","Thanjavur","Thanjavur","Tamil Nadu","Thanjavur","Thanjavur","Heritage","VERIFIED"
"DEST-1005","Tiruchirappalli","Tiruchirappalli","Tamil Nadu","Tiruchirappalli","Tiruchirappalli","Heritage","VERIFIED"
"DEST-1006","Yelagiri","Yelagiri","Tamil Nadu","Tirupattur","Tirupattur","Hills","VERIFIED"
"DEST-1007","Pulicat Lake","Pulicat Lake","Tamil Nadu","Tiruvallur","Tiruvallur","Wildlife","VERIFIED"
"DEST-1008","Tiruvannamalai","Tiruvannamalai","Tamil Nadu","Tiruvannamalai","Tiruvannamalai","Spiritual","VERIFIED"
"DEST-1009","Gingee Fort","Gingee Fort","Tamil Nadu","Villupuram","Villupuram","Heritage","VERIFIED"
"DEST-1010","Bhadrachalam","Bhadrachalam","Telangana","Bhadradri Kothagudem","Bhadradri Kothagudem","Spiritual","VERIFIED"
"DEST-1011","Warangal","Warangal","Telangana","Hanamkonda","Hanamkonda","Heritage","VERIFIED"
"DEST-1012","Charminar","Charminar","Telangana","Hyderabad","Hyderabad","Heritage","VERIFIED"
"DEST-1013","Golconda Fort","Golconda Fort","Telangana","Hyderabad","Hyderabad","Heritage","VERIFIED"
"DEST-1014","Hussain Sagar","Hussain Sagar","Telangana","Hyderabad","Hyderabad","Lake","VERIFIED"
"DEST-1015","Hyderabad","Hyderabad","Telangana","Hyderabad","Hyderabad","City","VERIFIED"
"DEST-1016","Karimnagar","Karimnagar","Telangana","Karimnagar","Karimnagar","Heritage","VERIFIED"
"DEST-1017","Khammam","Khammam","Telangana","Khammam","Khammam","Heritage","VERIFIED"
"DEST-1018","Medak","Medak","Telangana","Medak","Medak","Heritage","VERIFIED"
"DEST-1019","Bogatha Falls","Bogatha Falls","Telangana","Mulugu","Mulugu","Waterfall","VERIFIED"
"DEST-1020","Laknavaram Lake","Laknavaram Lake","Telangana","Mulugu","Mulugu","Nature","VERIFIED"
"DEST-1021","Ramappa Temple","Ramappa Temple","Telangana","Mulugu","Mulugu","Heritage","VERIFIED"
"DEST-1022","Nagarjuna Sagar","Nagarjuna Sagar","Telangana","Nalgonda","Nalgonda","Nature","VERIFIED"
"DEST-1023","Basara","Basara","Telangana","Nirmal","Nirmal","Spiritual","VERIFIED"
"DEST-1024","Kuntala Falls","Kuntala Falls","Telangana","Nirmal","Nirmal","Waterfall","VERIFIED"
"DEST-1025","Vemulawada","Vemulawada","Telangana","Rajanna Sircilla","Rajanna Sircilla","Spiritual","VERIFIED"
"DEST-1026","Ananthagiri Hills","Ananthagiri Hills","Telangana","Vikarabad","Vikarabad","Hills","VERIFIED"
"DEST-1027","Pakhal Lake","Pakhal Lake","Telangana","Warangal","Warangal","Nature","VERIFIED"
"DEST-1028","Thousand Pillar Temple","Thousand Pillar Temple","Telangana","Warangal","Warangal","Heritage","VERIFIED"
"DEST-1029","Bhongir","Bhongir","Telangana","Yadadri Bhuvanagiri","Yadadri Bhuvanagiri","Heritage","VERIFIED"
"DEST-1030","Bhongir Fort","Bhongir Fort","Telangana","Yadadri Bhuvanagiri","Yadadri Bhuvanagiri","Heritage","VERIFIED"
"DEST-1031","Surendrapuri","Surendrapuri","Telangana","Yadadri Bhuvanagiri","Yadadri Bhuvanagiri","Culture","VERIFIED"
"DEST-1032","Yadadri","Yadadri","Telangana","Yadadri Bhuvanagiri","Yadadri Bhuvanagiri","Spiritual","VERIFIED"
"DEST-1033","Yadagirigutta","Yadagirigutta","Telangana","Yadadri Bhuvanagiri","Yadadri Bhuvanagiri","Spiritual","VERIFIED"
"DEST-1034","Ujjayanta Palace","Ujjayanta Palace","Tripura","Agartala","Agartala","Heritage","VERIFIED"
"DEST-1035","Tripura Sundari Temple","Tripura Sundari Temple","Tripura","Gomati","Gomati","Spiritual","VERIFIED"
"DEST-1036","Udaipur","Udaipur","Tripura","Gomati","Gomati","Heritage/Spiritual","VERIFIED"
"DEST-1037","Jampui Hills","Jampui Hills","Tripura","North Tripura","North Tripura","Hills","VERIFIED"
"DEST-1038","Melaghar","Melaghar","Tripura","Sepahijala","Sepahijala","Heritage","VERIFIED"
"DEST-1039","Neermahal","Neermahal","Tripura","Sepahijala","Sepahijala","Heritage","VERIFIED"
"DEST-1040","Rudrasagar Lake","Rudrasagar Lake","Tripura","Sepahijala","Sepahijala","Nature","VERIFIED"
"DEST-1041","Sepahijala Wildlife Sanctuary","Sepahijala Wildlife Sanctuary","Tripura","Sepahijala","Sepahijala","Wildlife","VERIFIED"
"DEST-1042","Pilak","Pilak","Tripura","South Tripura","South Tripura","Heritage","VERIFIED"
"DEST-1043","Unakoti","Unakoti","Tripura","Unakoti","Unakoti","Heritage/Spiritual","VERIFIED"
"DEST-1044","Agartala","Agartala","Tripura","West Tripura","West Tripura","City","VERIFIED"
"DEST-1045","Agra","Agra","Uttar Pradesh","Agra","Agra","Heritage","VERIFIED"
"DEST-1046","Agra Fort","Agra Fort","Uttar Pradesh","Agra","Agra","Heritage","VERIFIED"
"DEST-1047","Akbar's Tomb","Akbar's Tomb","Uttar Pradesh","Agra","Agra","Heritage","VERIFIED"
"DEST-1048","Fatehpur Sikri","Fatehpur Sikri","Uttar Pradesh","Agra","Agra","Heritage","VERIFIED"
"DEST-1049","Sikandra","Sikandra","Uttar Pradesh","Agra","Agra","Heritage","VERIFIED"
"DEST-1050","Taj Mahal","Taj Mahal","Uttar Pradesh","Agra","Agra","Heritage","VERIFIED"
"DEST-1051","Chambal Sanctuary","Chambal Sanctuary","Uttar Pradesh","Agra/Etawah","Agra","Wildlife","VERIFIED"
"DEST-1052","Chambal Wildlife Sanctuary","Chambal Wildlife Sanctuary","Uttar Pradesh","Agra/Etawah","Agra","Wildlife","VERIFIED"
"DEST-1053","Ayodhya","Ayodhya","Uttar Pradesh","Ayodhya","Ayodhya","Spiritual","VERIFIED"
"DEST-1054","Ayodhya Dham","Ayodhya Dham","Uttar Pradesh","Ayodhya","Ayodhya","Spiritual","VERIFIED"
"DEST-1055","Katarniaghat Wildlife Sanctuary","Katarniaghat Wildlife Sanctuary","Uttar Pradesh","Bahraich","Bahraich","Wildlife","VERIFIED"
"DEST-1056","Bareilly","Bareilly","Uttar Pradesh","Bareilly","Bareilly","City/Spiritual","VERIFIED"
"DEST-1057","Chitrakoot","Chitrakoot","Uttar Pradesh","Chitrakoot","Chitrakoot","Spiritual","VERIFIED"
"DEST-1058","Gupt Godavari","Gupt Godavari","Uttar Pradesh","Chitrakoot","Chitrakoot","Nature/Spiritual","VERIFIED"
"DEST-1059","Hanuman Dhara","Hanuman Dhara","Uttar Pradesh","Chitrakoot","Chitrakoot","Spiritual","VERIFIED"
"DEST-1060","Kamadgiri","Kamadgiri","Uttar Pradesh","Chitrakoot","Chitrakoot","Spiritual","VERIFIED"
"DEST-1061","Ramghat","Ramghat","Uttar Pradesh","Chitrakoot","Chitrakoot","Spiritual","VERIFIED"
"DEST-1062","Gorakhpur","Gorakhpur","Uttar Pradesh","Gorakhpur","Gorakhpur","Spiritual","VERIFIED"
"DEST-1063","Garhmukteshwar","Garhmukteshwar","Uttar Pradesh","Hapur","Hapur","Spiritual","VERIFIED"
"DEST-1064","Sandi Bird Sanctuary","Sandi Bird Sanctuary","Uttar Pradesh","Hardoi","Hardoi","Wildlife","VERIFIED"
"DEST-1065","Jhansi","Jhansi","Uttar Pradesh","Jhansi","Jhansi","Heritage","VERIFIED"
"DEST-1066","Kanpur","Kanpur","Uttar Pradesh","Kanpur","Kanpur","City","VERIFIED"
"DEST-1067","Bithoor","Bithoor","Uttar Pradesh","Kanpur Nagar","Kanpur Nagar","Spiritual/Heritage","VERIFIED"
"DEST-1068","Kushinagar","Kushinagar","Uttar Pradesh","Kushinagar","Kushinagar","Buddhist","VERIFIED"
"DEST-1069","Dudhwa National Park","Dudhwa National Park","Uttar Pradesh","Lakhimpur Kheri","Lakhimpur Kheri","Wildlife","VERIFIED"
"DEST-1070","Deogarh","Deogarh","Uttar Pradesh","Lalitpur","Lalitpur","Heritage","VERIFIED"
"DEST-1071","Bara Imambara","Bara Imambara","Uttar Pradesh","Lucknow","Lucknow","Heritage","VERIFIED"
"DEST-1072","British Residency","British Residency","Uttar Pradesh","Lucknow","Lucknow","Heritage","VERIFIED"
"DEST-1073","Chota Imambara","Chota Imambara","Uttar Pradesh","Lucknow","Lucknow","Heritage","VERIFIED"
"DEST-1074","Lucknow","Lucknow","Uttar Pradesh","Lucknow","Lucknow","Heritage/Food","VERIFIED"
"DEST-1075","Residency","Residency","Uttar Pradesh","Lucknow","Lucknow","Heritage","VERIFIED"
"DEST-1076","Saman Bird Sanctuary","Saman Bird Sanctuary","Uttar Pradesh","Mainpuri","Mainpuri","Wildlife","VERIFIED"
"DEST-1077","Barsana","Barsana","Uttar Pradesh","Mathura","Mathura","Spiritual","VERIFIED"
"DEST-1078","Govardhan","Govardhan","Uttar Pradesh","Mathura","Mathura","Spiritual","VERIFIED"
"DEST-1079","Mathura","Mathura","Uttar Pradesh","Mathura","Mathura","Spiritual","VERIFIED"
"DEST-1080","Vrindavan","Vrindavan","Uttar Pradesh","Mathura","Mathura","Spiritual","VERIFIED"
"DEST-1081","Meerut","Meerut","Uttar Pradesh","Meerut","Meerut","Heritage","VERIFIED"
"DEST-1082","Vindhyachal","Vindhyachal","Uttar Pradesh","Mirzapur","Mirzapur","Spiritual","VERIFIED"
"DEST-1083","Prayagraj","Prayagraj","Uttar Pradesh","Prayagraj","Prayagraj","Spiritual/Heritage","VERIFIED"
"DEST-1084","Shravasti","Shravasti","Uttar Pradesh","Shravasti","Shravasti","Buddhist","VERIFIED"
"DEST-1085","Naimisharanya","Naimisharanya","Uttar Pradesh","Sitapur","Sitapur","Spiritual","VERIFIED"
"DEST-1086","Dashashwamedh Ghat","Dashashwamedh Ghat","Uttar Pradesh","Varanasi","Varanasi","Spiritual","VERIFIED"
"DEST-1087","Kashi Vishwanath Corridor","Kashi Vishwanath Corridor","Uttar Pradesh","Varanasi","Varanasi","Spiritual","VERIFIED"
"DEST-1088","Sarnath","Sarnath","Uttar Pradesh","Varanasi","Varanasi","Buddhist","VERIFIED"
"DEST-1089","Sarnath Archaeological Museum","Sarnath Archaeological Museum","Uttar Pradesh","Varanasi","Varanasi","Museum","VERIFIED"
"DEST-1090","Tulsi Manas Temple","Tulsi Manas Temple","Uttar Pradesh","Varanasi","Varanasi","Spiritual","VERIFIED"
"DEST-1091","Varanasi","Varanasi","Uttar Pradesh","Varanasi","Varanasi","Spiritual/Heritage","VERIFIED"
"DEST-1092","Vishwanath Temple BHU","Vishwanath Temple BHU","Uttar Pradesh","Varanasi","Varanasi","Spiritual","VERIFIED"
"DEST-1093","Almora","Almora","Uttarakhand","Almora","Almora","Hills","VERIFIED"
"DEST-1094","Binsar","Binsar","Uttarakhand","Almora","Almora","Wildlife/Nature","VERIFIED"
"DEST-1095","Binsar Wildlife Sanctuary","Binsar Wildlife Sanctuary","Uttarakhand","Almora","Almora","Wildlife","VERIFIED"
"DEST-1096","Ranikhet","Ranikhet","Uttarakhand","Almora","Almora","Hills","VERIFIED"
"DEST-1097","Kausani","Kausani","Uttarakhand","Bageshwar","Bageshwar","Hills","VERIFIED"
"DEST-1098","Kausani Tea Estate","Kausani Tea Estate","Uttarakhand","Bageshwar","Bageshwar","Nature","VERIFIED"
"DEST-1099","Auli","Auli","Uttarakhand","Chamoli","Chamoli","Mountains","VERIFIED"
"DEST-1100","Badrinath","Badrinath","Uttarakhand","Chamoli","Chamoli","Spiritual","VERIFIED"
"DEST-1101","Hemkund Sahib","Hemkund Sahib","Uttarakhand","Chamoli","Chamoli","Spiritual","VERIFIED"
"DEST-1102","Mana Village","Mana Village","Uttarakhand","Chamoli","Chamoli","Mountains","VERIFIED"
"DEST-1103","Nanda Devi National Park","Nanda Devi National Park","Uttarakhand","Chamoli","Chamoli","Wildlife","VERIFIED"
"DEST-1104","Valley of Flowers","Valley of Flowers","Uttarakhand","Chamoli","Chamoli","Nature","VERIFIED"
"DEST-1105","Abbott Mount","Abbott Mount","Uttarakhand","Champawat","Champawat","Hills","VERIFIED"
"DEST-1106","Dehradun","Dehradun","Uttarakhand","Dehradun","Dehradun","City","VERIFIED"
"DEST-1107","Mussoorie","Mussoorie","Uttarakhand","Dehradun","Dehradun","Hills","VERIFIED"
"DEST-1108","Rishikesh","Rishikesh","Uttarakhand","Dehradun","Dehradun","Spiritual/Adventure","VERIFIED"
"DEST-1109","Rajaji National Park","Rajaji National Park","Uttarakhand","Dehradun/Haridwar","Dehradun","Wildlife","VERIFIED"
"DEST-1110","Haridwar","Haridwar","Uttarakhand","Haridwar","Haridwar","Spiritual","VERIFIED"
"DEST-1111","Bhimtal","Bhimtal","Uttarakhand","Nainital","Nainital","Lake","VERIFIED"
"DEST-1112","Mukteshwar","Mukteshwar","Uttarakhand","Nainital","Nainital","Hills","VERIFIED"
"DEST-1113","Nainital","Nainital","Uttarakhand","Nainital","Nainital","Lake/Hills","VERIFIED"
"DEST-1114","Jim Corbett National Park","Jim Corbett National Park","Uttarakhand","Nainital/Ramnagar","Nainital","Wildlife","VERIFIED"
"DEST-1115","Lansdowne","Lansdowne","Uttarakhand","Pauri Garhwal","Pauri Garhwal","Hills","VERIFIED"
"DEST-1116","Pauri","Pauri","Uttarakhand","Pauri Garhwal","Pauri Garhwal","Hills","VERIFIED"
"DEST-1117","Berinag","Berinag","Uttarakhand","Pithoragarh","Pithoragarh","Hills","VERIFIED"
"DEST-1118","Munsiyari","Munsiyari","Uttarakhand","Pithoragarh","Pithoragarh","Mountains","VERIFIED"
"DEST-1119","Pithoragarh","Pithoragarh","Uttarakhand","Pithoragarh","Pithoragarh","Mountains","VERIFIED"
"DEST-1120","Chopta","Chopta","Uttarakhand","Rudraprayag","Rudraprayag","Mountains","VERIFIED"
"DEST-1121","Kedarnath","Kedarnath","Uttarakhand","Rudraprayag","Rudraprayag","Spiritual","VERIFIED"
"DEST-1122","Tungnath","Tungnath","Uttarakhand","Rudraprayag","Rudraprayag","Spiritual/Mountains","VERIFIED"
"DEST-1123","Dhanaulti","Dhanaulti","Uttarakhand","Tehri Garhwal","Tehri Garhwal","Hills","VERIFIED"
"DEST-1124","Kanatal","Kanatal","Uttarakhand","Tehri Garhwal","Tehri Garhwal","Hills","VERIFIED"
"DEST-1125","New Tehri","New Tehri","Uttarakhand","Tehri Garhwal","Tehri Garhwal","Lake","VERIFIED"
"DEST-1126","Tehri","Tehri","Uttarakhand","Tehri Garhwal","Tehri Garhwal","Lake/Adventure","VERIFIED"
"DEST-1127","Tehri Lake","Tehri Lake","Uttarakhand","Tehri Garhwal","Tehri Garhwal","Adventure","VERIFIED"
"DEST-1128","Gangotri","Gangotri","Uttarakhand","Uttarkashi","Uttarkashi","Spiritual","VERIFIED"
"DEST-1129","Yamunotri","Yamunotri","Uttarakhand","Uttarkashi","Uttarkashi","Spiritual","VERIFIED"
"DEST-1130","Buxa Tiger Reserve","Buxa Tiger Reserve","West Bengal","Alipurduar","Alipurduar","Wildlife","VERIFIED"
"DEST-1131","Jaldapara National Park","Jaldapara National Park","West Bengal","Alipurduar","Alipurduar","Wildlife","VERIFIED"
"DEST-1132","Bishnupur","Bishnupur","West Bengal","Bankura","Bankura","Heritage","VERIFIED"
"DEST-1133","Shantiniketan","Shantiniketan","West Bengal","Birbhum","Birbhum","Culture","VERIFIED"
"DEST-1134","Cooch Behar","Cooch Behar","West Bengal","Cooch Behar","Cooch Behar","Heritage","VERIFIED"
"DEST-1135","Darjeeling","Darjeeling","West Bengal","Darjeeling","Darjeeling","Hills","VERIFIED"
"DEST-1136","Mirik","Mirik","West Bengal","Darjeeling","Darjeeling","Lake/Hills","VERIFIED"
"DEST-1137","Siliguri","Siliguri","West Bengal","Darjeeling","Darjeeling","City","VERIFIED"
"DEST-1138","Belur Math","Belur Math","West Bengal","Howrah","Howrah","Spiritual","VERIFIED"
"DEST-1139","Howrah","Howrah","West Bengal","Howrah","Howrah","City/Heritage","VERIFIED"
"DEST-1140","Gorumara National Park","Gorumara National Park","West Bengal","Jalpaiguri","Jalpaiguri","Wildlife","VERIFIED"
"DEST-1141","Jalpaiguri","Jalpaiguri","West Bengal","Jalpaiguri","Jalpaiguri","Nature","VERIFIED"
"DEST-1142","Dooars","Dooars","West Bengal","Jalpaiguri/Alipurduar","Jalpaiguri","Wildlife","VERIFIED"
"DEST-1143","Kalimpong","Kalimpong","West Bengal","Kalimpong","Kalimpong","Hills","VERIFIED"
"DEST-1144","Lava","Lava","West Bengal","Kalimpong","Kalimpong","Hills","VERIFIED"
"DEST-1145","Lolegaon","Lolegaon","West Bengal","Kalimpong","Kalimpong","Hills","VERIFIED"
"DEST-1146","Dakshineswar Kali Temple","Dakshineswar Kali Temple","West Bengal","Kolkata","Kolkata","Spiritual","VERIFIED"
"DEST-1147","Howrah Bridge","Howrah Bridge","West Bengal","Kolkata","Kolkata","Landmark","VERIFIED"
"DEST-1148","Indian Museum","Indian Museum","West Bengal","Kolkata","Kolkata","Museum","VERIFIED"
"DEST-1149","Jorasanko Thakur Bari","Jorasanko Thakur Bari","West Bengal","Kolkata","Kolkata","Heritage","VERIFIED"
"DEST-1150","Kolkata","Kolkata","West Bengal","Kolkata","Kolkata","City","VERIFIED"
"DEST-1151","Marble Palace","Marble Palace","West Bengal","Kolkata","Kolkata","Heritage","VERIFIED"
"DEST-1152","Prinsep Ghat","Prinsep Ghat","West Bengal","Kolkata","Kolkata","Heritage","VERIFIED"
"DEST-1153","Victoria Memorial","Victoria Memorial","West Bengal","Kolkata","Kolkata","Heritage","VERIFIED"
"DEST-1154","Murshidabad","Murshidabad","West Bengal","Murshidabad","Murshidabad","Heritage","VERIFIED"
"DEST-1155","Mayapur","Mayapur","West Bengal","Nadia","Nadia","Spiritual","VERIFIED"
"DEST-1156","Nabadwip","Nabadwip","West Bengal","Nadia","Nadia","Spiritual","VERIFIED"
"DEST-1157","Durgapur","Durgapur","West Bengal","Paschim Bardhaman","Paschim Bardhaman","City/Heritage","VERIFIED"
"DEST-1158","Digha","Digha","West Bengal","Purba Medinipur","Purba Medinipur","Beach","VERIFIED"
"DEST-1159","Mandarmani","Mandarmani","West Bengal","Purba Medinipur","Purba Medinipur","Beach","VERIFIED"
"DEST-1160","Bakkhali","Bakkhali","West Bengal","South 24 Parganas","South 24 Parganas","Beach","VERIFIED"
"DEST-1161","Ganga Sagar","Ganga Sagar","West Bengal","South 24 Parganas","South 24 Parganas","Spiritual/Beach","VERIFIED"
"DEST-1162","Sundarbans","Sundarbans","West Bengal","South 24 Parganas","South 24 Parganas","Wildlife","VERIFIED"